orion-ages  | time=Tuesday 24 Jun 03:09:26 2025.292Z | lvl=INFO | corr=N/A | trans=N/A | from=N/A | srv=N/A | subsrv=N/A | comp=Orion | op=orionld.cpp[1205]:main | msg=Orion Context Broker is running
orion-ages     | time=Tuesday 24 Jun 03:09:26 2025.292Z | lvl=TMP | corr=N/A | trans=N/A | from=N/A | srv=N/A | subsrv=N/A | comp=Orion | op=orionld.cpp[824]:versionInfo | msg=Version Info:
orion-ages     | time=Tuesday 24 Jun 03:09:26 2025.292Z | lvl=TMP | corr=N/A | trans=N/A | from=N/A | srv=N/A | subsrv=N/A | comp=Orion | op=orionld.cpp[825]:versionInfo | msg=-----------------------------------------
orion-ages     | time=Tuesday 24 Jun 03:09:26 2025.292Z | lvl=TMP | corr=N/A | trans=N/A | from=N/A | srv=N/A | subsrv=N/A | comp=Orion | op=orionld.cpp[826]:versionInfo | msg=orionld version:    post-v1.9.0
orion-ages     | time=Tuesday 24 Jun 03:09:26 2025.292Z | lvl=TMP | corr=N/A | trans=N/A | from=N/A | srv=N/A | subsrv=N/A | comp=Orion | op=orionld.cpp[827]:versionInfo | msg=based on orion:     1.15.0-next
orion-ages     | time=Tuesday 24 Jun 03:09:26 2025.292Z | lvl=TMP | corr=N/A | trans=N/A | from=N/A | srv=N/A | subsrv=N/A | comp=Orion | op=orionld.cpp[828]:versionInfo | msg=core @context:      https://uri.etsi.org/ngsi-ld/v1/ngsi-ld-core-context-v1.8.jsonld
orion-ages        | time=Tuesday 24 Jun 03:09:26 2025.292Z | lvl=TMP | corr=N/A | trans=N/A | from=N/A | srv=N/A | subsrv=N/A | comp=Orion | op=orionld.cpp[829]:versionInfo | msg=git hash:           nogitversion
orion-ages        | time=Tuesday 24 Jun 03:09:26 2025.292Z | lvl=TMP | corr=N/A | trans=N/A | from=N/A | srv=N/A | subsrv=N/A | comp=Orion | op=orionld.cpp[830]:versionInfo | msg=build branch:       
orion-ages        | time=Tuesday 24 Jun 03:09:26 2025.293Z | lvl=TMP | corr=N/A | trans=N/A | from=N/A | srv=N/A | subsrv=N/A | comp=Orion | op=orionld.cpp[831]:versionInfo | msg=compiled by:        root
orion-ages        | time=Tuesday 24 Jun 03:09:26 2025.293Z | lvl=TMP | corr=N/A | trans=N/A | from=N/A | srv=N/A | subsrv=N/A | comp=Orion | op=orionld.cpp[832]:versionInfo | msg=compiled in:        
orion-ages        | time=Tuesday 24 Jun 03:09:26 2025.293Z | lvl=TMP | corr=N/A | trans=N/A | from=N/A | srv=N/A | subsrv=N/A | comp=Orion | op=orionld.cpp[833]:versionInfo | msg=-----------------------------------------
orion-ages        | time=Tuesday 24 Jun 03:09:26 2025.309Z | lvl=TMP | corr=N/A | trans=N/A | from=N/A | srv=N/A | subsrv=N/A | comp=Orion | op=mongocInit.cpp[303]:mongocInit | msg=Connecting to mongo for the C driver (URI: mongodb://mongo-db/)
orion-ages        | time=Tuesday 24 Jun 03:09:27 2025.954Z | lvl=TMP | corr=N/A | trans=N/A | from=N/A | srv=N/A | subsrv=N/A | comp=Orion | op=mongoConnectionPool.cpp[309]:mongoConnectionPoolInit | msg=Connecting to mongo for the C++ legacy driver
orion-ages        | time=Tuesday 24 Jun 03:09:27 2025.970Z | lvl=INFO | corr=N/A | trans=N/A | from=N/A | srv=N/A | subsrv=N/A | comp=Orion | op=MongoGlobal.cpp[238]:mongoInit | msg=Connected to mongo at mongo-db:orion
orion-ages        | time=Tuesday 24 Jun 03:09:27 2025.000Z | lvl=INFO | corr=N/A | trans=N/A | from=N/A | srv=N/A | subsrv=N/A | comp=Orion | op=orionld.cpp[1410]:main | msg=Startup completed
orion-ages        | time=Tuesday 24 Jun 03:09:27 2025.001Z | lvl=TMP | corr=N/A | trans=N/A | from=N/A | srv=N/A | subsrv=N/A | comp=Orion | op=orionld.cpp[1425]:main | msg=Initialization is Done
orion-ages        | time=Tuesday 24 Jun 03:09:27 2025.001Z | lvl=TMP | corr=N/A | trans=N/A | from=N/A | srv=N/A | subsrv=N/A | comp=Orion | op=orionld.cpp[1426]:main | msg=  Accepting REST requests on port 1026 (experimental API endpoints are disabled)
orion-ages        | time=Tuesday 24 Jun 03:09:27 2025.001Z | lvl=TMP | corr=N/A | trans=N/A | from=N/A | srv=N/A | subsrv=N/A | comp=Orion | op=orionld.cpp[1427]:main | msg=  TRoE:                      Disabled
orion-ages        | time=Tuesday 24 Jun 03:09:27 2025.001Z | lvl=TMP | corr=N/A | trans=N/A | from=N/A | srv=N/A | subsrv=N/A | comp=Orion | op=orionld.cpp[1428]:main | msg=  Distributed Operation:     Disabled
orion-ages        | time=Tuesday 24 Jun 03:09:28 2025.002Z | lvl=TMP | corr=N/A | trans=N/A | from=N/A | srv=N/A | subsrv=N/A | comp=Orion | op=orionld.cpp[1429]:main | msg=  Health Check:              Disabled
orion-ages        | time=Tuesday 24 Jun 03:09:28 2025.002Z | lvl=TMP | corr=N/A | trans=N/A | from=N/A | srv=N/A | subsrv=N/A | comp=Orion | op=orionld.cpp[1430]:main | msg=  Entity Maps:               Disabled
orion-ages        | time=Tuesday 24 Jun 03:09:28 2025.002Z | lvl=TMP | corr=N/A | trans=N/A | from=N/A | srv=N/A | subsrv=N/A | comp=Orion | op=orionld.cpp[1431]:main | msg=  Distributed Subscriptions: Disabled
orion-ages        | time=Tuesday 24 Jun 03:09:28 2025.002Z | lvl=TMP | corr=N/A | trans=N/A | from=N/A | srv=N/A | subsrv=N/A | comp=Orion | op=orionld.cpp[1445]:main | msg=  Mongo Server Version:      3.6.23
orion-ages        | time=Tuesday 24 Jun 03:09:28 2025.003Z | lvl=TMP | corr=N/A | trans=N/A | from=N/A | srv=N/A | subsrv=N/A | comp=Orion | op=orionld.cpp[1458]:main | msg=  Mongo Driver:              Legacy C++ Driver (deprecated by mongodb)
orion-ages        | time=Tuesday 24 Jun 03:09:31 2025.308Z | lvl=TMP | corr=N/A | trans=N/A | from=N/A | srv=N/A | subsrv=N/A | comp=Orion | op=rest.cpp[1426]:connectionTreat | msg=------------------------- Servicing NGSIv2 request 001: GET /version --------------------------
orion-ages        | time=Tuesday 24 Jun 03:09:31 2025.308Z | lvl=WARN | corr=a5b16ddc-50a8-11f0-9330-463d2b45568b | trans=1750734566-293-00000000001 | from=0.0.0.0 | srv=pending | subsrv=<default> | comp=Orion | op=rest.cpp[1623]:connectionTreat | msg=orionldState.in.contentType: None
fiware-wilma      | 
fiware-wilma      | > fiware-pep-proxy@8.3.0 start /opt/fiware-pep-proxy
fiware-wilma      | > node ./bin/www
fiware-wilma      | 
db-crate-ages  | WARNING: Using incubator modules: jdk.incubator.vector
db-crate-ages     | Jun 24, 2025 3:09:28 AM org.apache.lucene.store.MemorySegmentIndexInputProvider <init>
db-crate-ages     | INFO: Using MemorySegmentIndexInput and native madvise support with Java 21 or later; to disable start with -Dorg.apache.lucene.store.MMapDirectory.enableMemorySegments=false
db-crate-ages     | [2025-06-24T03:09:28,423][INFO ][o.e.e.NodeEnvironment    ] [Dreischusterspitze] using [1] data paths, mounts [[/data (/dev/sda2)]], net usable_space [61.9gb], net total_space [108.2gb], types [ext4]
db-crate-ages     | [2025-06-24T03:09:28,426][INFO ][o.e.e.NodeEnvironment    ] [Dreischusterspitze] heap size [4gb], compressed ordinary object pointers [true]
db-crate-ages     | [2025-06-24T03:09:28,454][INFO ][o.e.n.Node               ] [Dreischusterspitze] node name [Dreischusterspitze], node ID [OIaDd9WKR7iI8QDlVDsztQ], cluster name [democluster]
db-crate-ages     | [2025-06-24T03:09:28,455][INFO ][o.e.n.Node               ] [Dreischusterspitze] version[5.10.7], pid[1], build[67ecbaa/NA], OS[Linux/6.11.0-26-generic/amd64], JVM[Eclipse Adoptium/OpenJDK 64-Bit Server VM/23.0.2+7]
db-crate-ages     | Jun 24, 2025 3:09:28 AM org.apache.lucene.internal.vectorization.PanamaVectorizationProvider <init>
db-crate-ages     | INFO: Java vector incubator API enabled; uses preferredBitSize=256; FMA enabled
db-crate-ages     | [2025-06-24T03:09:29,870][INFO ][o.e.p.PluginsService     ] [Dreischusterspitze] loaded plugin [cr8-copy-s3]
db-crate-ages     | [2025-06-24T03:09:29,870][INFO ][o.e.p.PluginsService     ] [Dreischusterspitze] loaded plugin [crate-copy-azure]
db-crate-ages     | [2025-06-24T03:09:29,870][INFO ][o.e.p.PluginsService     ] [Dreischusterspitze] loaded plugin [crate-functions]
db-crate-ages     | [2025-06-24T03:09:29,870][INFO ][o.e.p.PluginsService     ] [Dreischusterspitze] loaded plugin [crate-jmx-monitoring]
db-crate-ages     | [2025-06-24T03:09:29,870][INFO ][o.e.p.PluginsService     ] [Dreischusterspitze] loaded plugin [crate-lang-js]
db-crate-ages     | [2025-06-24T03:09:29,870][INFO ][o.e.p.PluginsService     ] [Dreischusterspitze] loaded plugin [es-analysis-common]
db-crate-ages     | [2025-06-24T03:09:29,870][INFO ][o.e.p.PluginsService     ] [Dreischusterspitze] loaded plugin [es-analysis-phonetic]
db-crate-ages     | [2025-06-24T03:09:29,870][INFO ][o.e.p.PluginsService     ] [Dreischusterspitze] loaded plugin [es-repository-azure]
db-crate-ages     | [2025-06-24T03:09:29,871][INFO ][o.e.p.PluginsService     ] [Dreischusterspitze] loaded plugin [io.crate.plugin.SrvPlugin]
db-crate-ages     | [2025-06-24T03:09:29,871][INFO ][o.e.p.PluginsService     ] [Dreischusterspitze] loaded plugin [io.crate.udc.plugin.UDCPlugin]
db-crate-ages     | [2025-06-24T03:09:29,871][INFO ][o.e.p.PluginsService     ] [Dreischusterspitze] loaded plugin [org.elasticsearch.discovery.ec2.Ec2DiscoveryPlugin]
db-crate-ages     | [2025-06-24T03:09:29,871][INFO ][o.e.p.PluginsService     ] [Dreischusterspitze] loaded plugin [org.elasticsearch.plugin.repository.url.URLRepositoryPlugin]
db-crate-ages     | [2025-06-24T03:09:29,871][INFO ][o.e.p.PluginsService     ] [Dreischusterspitze] loaded plugin [org.elasticsearch.repositories.s3.S3RepositoryPlugin]
db-crate-ages     | [2025-06-24T03:09:29,871][INFO ][o.e.p.PluginsService     ] [Dreischusterspitze] loaded plugin [repository-gcs]
db-crate-ages     | SLF4J: Failed to load class "org.slf4j.impl.StaticLoggerBinder".
db-crate-ages     | SLF4J: Defaulting to no-operation (NOP) logger implementation
db-crate-ages     | SLF4J: See http://www.slf4j.org/codes.html#StaticLoggerBinder for further details.
db-crate-ages     | [2025-06-24T03:09:31,273][INFO ][o.e.d.DiscoveryModule    ] [Dreischusterspitze] using discovery type [zen] and seed hosts providers [settings]
db-crate-ages     | [2025-06-24T03:09:32,287][INFO ][psql                     ] [Dreischusterspitze] PSQL SSL support is disabled.
db-crate-ages     | [2025-06-24T03:09:32,767][WARN ][o.e.g.DanglingIndicesState] [Dreischusterspitze] gateway.auto_import_dangling_indices is disabled, dangling indices will not be detected or imported
db-crate-ages     | [2025-06-24T03:09:32,882][INFO ][o.e.n.Node               ] [Dreischusterspitze] initialized
db-crate-ages     | [2025-06-24T03:09:32,882][INFO ][o.e.n.Node               ] [Dreischusterspitze] starting ...
db-crate-ages     | [2025-06-24T03:09:33,000][INFO ][psql                     ] [Dreischusterspitze] publish_address {172.21.0.4:5432}, bound_addresses {[::1]:5432}, {127.0.0.1:5432}, {172.21.0.4:5432}
db-crate-ages     | [2025-06-24T03:09:33,021][INFO ][o.e.h.n.Netty4HttpServerTransport] [Dreischusterspitze] publish_address {172.21.0.4:4200}, bound_addresses {[::1]:4200}, {127.0.0.1:4200}, {172.21.0.4:4200}
db-crate-ages     | [2025-06-24T03:09:33,036][INFO ][o.e.t.TransportService   ] [Dreischusterspitze] publish_address {172.21.0.4:4300}, bound_addresses {[::1]:4300}, {127.0.0.1:4300}, {172.21.0.4:4300}
db-crate-ages     | [2025-06-24T03:09:33,244][INFO ][o.e.b.BootstrapChecks    ] [Dreischusterspitze] bound or publishing to a non-loopback address, enforcing bootstrap checks
db-crate-ages     | [2025-06-24T03:09:33,255][INFO ][o.e.c.c.ClusterBootstrapService] [Dreischusterspitze] no discovery configuration found, will perform best-effort cluster bootstrapping after [3s] unless existing master is discovered
grafana-ages   | logger=settings t=2025-06-24T03:09:27.489303177Z level=info msg="Starting Grafana" version=12.0.2 commit=5bda17e7c1cb313eb96266f2fdda73a6b35c3977 branch=HEAD compiled=2025-06-24T03:09:27Z
grafana-ages      | logger=settings t=2025-06-24T03:09:27.489979933Z level=info msg="Config loaded from" file=/usr/share/grafana/conf/defaults.ini
grafana-ages      | logger=settings t=2025-06-24T03:09:27.489998965Z level=info msg="Config loaded from" file=/etc/grafana/grafana.ini
grafana-ages      | logger=settings t=2025-06-24T03:09:27.490006294Z level=info msg="Config overridden from command line" arg="default.paths.data=/var/lib/grafana"
grafana-ages      | logger=settings t=2025-06-24T03:09:27.490012737Z level=info msg="Config overridden from command line" arg="default.paths.logs=/var/log/grafana"
grafana-ages      | logger=settings t=2025-06-24T03:09:27.490018443Z level=info msg="Config overridden from command line" arg="default.paths.plugins=/var/lib/grafana/plugins"
grafana-ages      | logger=settings t=2025-06-24T03:09:27.490024249Z level=info msg="Config overridden from command line" arg="default.paths.provisioning=/etc/grafana/provisioning"
grafana-ages      | logger=settings t=2025-06-24T03:09:27.490030953Z level=info msg="Config overridden from command line" arg="default.log.mode=console"
grafana-ages      | logger=settings t=2025-06-24T03:09:27.490037343Z level=info msg="Config overridden from Environment variable" var="GF_PATHS_DATA=/var/lib/grafana"
grafana-ages      | logger=settings t=2025-06-24T03:09:27.490043418Z level=info msg="Config overridden from Environment variable" var="GF_PATHS_LOGS=/var/log/grafana"
grafana-ages      | logger=settings t=2025-06-24T03:09:27.490049569Z level=info msg="Config overridden from Environment variable" var="GF_PATHS_PLUGINS=/var/lib/grafana/plugins"
grafana-ages      | logger=settings t=2025-06-24T03:09:27.490056185Z level=info msg="Config overridden from Environment variable" var="GF_PATHS_PROVISIONING=/etc/grafana/provisioning"
grafana-ages      | logger=settings t=2025-06-24T03:09:27.490064728Z level=info msg=Target target=[all]
grafana-ages      | logger=settings t=2025-06-24T03:09:27.490076553Z level=info msg="Path Home" path=/usr/share/grafana
grafana-ages      | logger=settings t=2025-06-24T03:09:27.49008226Z level=info msg="Path Data" path=/var/lib/grafana
grafana-ages      | logger=settings t=2025-06-24T03:09:27.490087863Z level=info msg="Path Logs" path=/var/log/grafana
grafana-ages      | logger=settings t=2025-06-24T03:09:27.490093195Z level=info msg="Path Plugins" path=/var/lib/grafana/plugins
grafana-ages      | logger=settings t=2025-06-24T03:09:27.490098578Z level=info msg="Path Provisioning" path=/etc/grafana/provisioning
grafana-ages      | logger=settings t=2025-06-24T03:09:27.490104184Z level=info msg="App mode production"
grafana-ages      | logger=featuremgmt t=2025-06-24T03:09:27.490652382Z level=info msg=FeatureToggles alertingQueryAndExpressionsStepMode=true correlations=true failWrongDSUID=true tlsMemcached=true unifiedRequestLog=true newDashboardSharingComponent=true kubernetesClientDashboardsFolders=true logRowsPopoverMenu=true dashboardSceneSolo=true preinstallAutoUpdate=true pluginsDetailsRightPanel=true useSessionStorageForRedirection=true nestedFolders=true angularDeprecationUI=true lokiLabelNamesQueryApi=true alertingInsights=true onPremToCloudMigrations=true logsContextDatasourceUi=true grafanaconThemes=true dashboardScene=true azureMonitorEnableUserAuth=true reportingUseRawTimeRange=true dashboardSceneForViewers=true panelMonitoring=true alertingSimplifiedRouting=true logsPanelControls=true pinNavItems=true externalCorePlugins=true azureMonitorPrometheusExemplars=true dashgpt=true alertingRulePermanentlyDelete=true alertingApiServer=true cloudWatchCrossAccountQuerying=true alertingUIOptimizeReducer=true lokiStructuredMetadata=true alertingNotificationsStepMode=true prometheusAzureOverrideAudience=true annotationPermissionUpdate=true unifiedStorageSearchPermissionFiltering=true ssoSettingsSAML=true ssoSettingsApi=true formatString=true addFieldFromCalculationStatFunctions=true influxdbBackendMigration=true lokiQueryHints=true publicDashboardsScene=true newPDFRendering=true alertRuleRestore=true logsInfiniteScrolling=true promQLScope=true cloudWatchNewLabelParsing=true cloudWatchRoundUpEndTime=true kubernetesPlaylists=true transformationsRedesign=true alertingRuleRecoverDeleted=true logsExploreTableVisualisation=true lokiQuerySplitting=true groupToNestedTableTransformation=true alertingRuleVersionHistoryRestore=true prometheusUsesCombobox=true recoveryThreshold=true dataplaneFrontendFallback=true awsAsyncQueryCaching=true recordedQueriesMulti=true newFiltersUI=true
grafana-ages      | logger=sqlstore t=2025-06-24T03:09:27.490757075Z level=info msg="Connecting to DB" dbtype=sqlite3
grafana-ages      | logger=sqlstore t=2025-06-24T03:09:27.49078081Z level=info msg="Creating SQLite database file" path=/var/lib/grafana/grafana.db
grafana-ages      | logger=migrator t=2025-06-24T03:09:27.493736289Z level=info msg="Locking database"
grafana-ages      | logger=migrator t=2025-06-24T03:09:27.49376815Z level=info msg="Starting DB migrations"
grafana-ages      | logger=migrator t=2025-06-24T03:09:27.494686417Z level=info msg="Executing migration" id="create migration_log table"
grafana-ages      | logger=migrator t=2025-06-24T03:09:27.495924657Z level=info msg="Migration successfully executed" id="create migration_log table" duration=1.236088ms
grafana-ages      | logger=migrator t=2025-06-24T03:09:27.500205589Z level=info msg="Executing migration" id="create user table"
grafana-ages      | logger=migrator t=2025-06-24T03:09:27.501679312Z level=info msg="Migration successfully executed" id="create user table" duration=1.467481ms
grafana-ages      | logger=migrator t=2025-06-24T03:09:27.507180469Z level=info msg="Executing migration" id="add unique index user.login"
grafana-ages      | logger=migrator t=2025-06-24T03:09:27.508092719Z level=info msg="Migration successfully executed" id="add unique index user.login" duration=912.172µs
grafana-ages      | logger=migrator t=2025-06-24T03:09:27.512006009Z level=info msg="Executing migration" id="add unique index user.email"
grafana-ages      | logger=migrator t=2025-06-24T03:09:27.512832671Z level=info msg="Migration successfully executed" id="add unique index user.email" duration=824.73µs
grafana-ages      | logger=migrator t=2025-06-24T03:09:27.517067752Z level=info msg="Executing migration" id="drop index UQE_user_login - v1"
grafana-ages      | logger=migrator t=2025-06-24T03:09:27.518408973Z level=info msg="Migration successfully executed" id="drop index UQE_user_login - v1" duration=1.322543ms
grafana-ages      | logger=migrator t=2025-06-24T03:09:27.523030419Z level=info msg="Executing migration" id="drop index UQE_user_email - v1"
grafana-ages      | logger=migrator t=2025-06-24T03:09:27.525286481Z level=info msg="Migration successfully executed" id="drop index UQE_user_email - v1" duration=2.25097ms
grafana-ages      | logger=migrator t=2025-06-24T03:09:27.529612661Z level=info msg="Executing migration" id="Rename table user to user_v1 - v1"
grafana-ages      | logger=migrator t=2025-06-24T03:09:27.533142218Z level=info msg="Migration successfully executed" id="Rename table user to user_v1 - v1" duration=3.525954ms
grafana-ages      | logger=migrator t=2025-06-24T03:09:27.537330596Z level=info msg="Executing migration" id="create user table v2"
grafana-ages      | logger=migrator t=2025-06-24T03:09:27.539655355Z level=info msg="Migration successfully executed" id="create user table v2" duration=2.323733ms
grafana-ages      | logger=migrator t=2025-06-24T03:09:27.547175644Z level=info msg="Executing migration" id="create index UQE_user_login - v2"
grafana-ages      | logger=migrator t=2025-06-24T03:09:27.548294682Z level=info msg="Migration successfully executed" id="create index UQE_user_login - v2" duration=1.109117ms
grafana-ages      | logger=migrator t=2025-06-24T03:09:27.553582731Z level=info msg="Executing migration" id="create index UQE_user_email - v2"
grafana-ages      | logger=migrator t=2025-06-24T03:09:27.554654869Z level=info msg="Migration successfully executed" id="create index UQE_user_email - v2" duration=1.07167ms
grafana-ages      | logger=migrator t=2025-06-24T03:09:27.558667228Z level=info msg="Executing migration" id="copy data_source v1 to v2"
grafana-ages      | logger=migrator t=2025-06-24T03:09:27.561722554Z level=info msg="Migration successfully executed" id="copy data_source v1 to v2" duration=3.059617ms
grafana-ages      | logger=migrator t=2025-06-24T03:09:27.568567557Z level=info msg="Executing migration" id="Drop old table user_v1"
grafana-ages      | logger=migrator t=2025-06-24T03:09:27.569331911Z level=info msg="Migration successfully executed" id="Drop old table user_v1" duration=761.178µs
grafana-ages      | logger=migrator t=2025-06-24T03:09:27.574715401Z level=info msg="Executing migration" id="Add column help_flags1 to user table"
grafana-ages      | logger=migrator t=2025-06-24T03:09:27.57606418Z level=info msg="Migration successfully executed" id="Add column help_flags1 to user table" duration=1.335347ms
grafana-ages      | logger=migrator t=2025-06-24T03:09:27.582026546Z level=info msg="Executing migration" id="Update user table charset"
grafana-ages      | logger=migrator t=2025-06-24T03:09:27.58206758Z level=info msg="Migration successfully executed" id="Update user table charset" duration=43.144µs
grafana-ages      | logger=migrator t=2025-06-24T03:09:27.585600242Z level=info msg="Executing migration" id="Add last_seen_at column to user"
grafana-ages      | logger=migrator t=2025-06-24T03:09:27.586900996Z level=info msg="Migration successfully executed" id="Add last_seen_at column to user" duration=1.299301ms
grafana-ages      | logger=migrator t=2025-06-24T03:09:27.590519353Z level=info msg="Executing migration" id="Add missing user data"
grafana-ages      | logger=migrator t=2025-06-24T03:09:27.590766742Z level=info msg="Migration successfully executed" id="Add missing user data" duration=247.576µs
grafana-ages      | logger=migrator t=2025-06-24T03:09:27.595641962Z level=info msg="Executing migration" id="Add is_disabled column to user"
grafana-ages      | logger=migrator t=2025-06-24T03:09:27.596944813Z level=info msg="Migration successfully executed" id="Add is_disabled column to user" duration=1.301546ms
grafana-ages      | logger=migrator t=2025-06-24T03:09:27.601398484Z level=info msg="Executing migration" id="Add index user.login/user.email"
grafana-ages      | logger=migrator t=2025-06-24T03:09:27.602211943Z level=info msg="Migration successfully executed" id="Add index user.login/user.email" duration=812.389µs
grafana-ages      | logger=migrator t=2025-06-24T03:09:27.606611747Z level=info msg="Executing migration" id="Add is_service_account column to user"
grafana-ages      | logger=migrator t=2025-06-24T03:09:27.607958636Z level=info msg="Migration successfully executed" id="Add is_service_account column to user" duration=1.345179ms
grafana-ages      | logger=migrator t=2025-06-24T03:09:27.61225722Z level=info msg="Executing migration" id="Update is_service_account column to nullable"
grafana-ages      | logger=migrator t=2025-06-24T03:09:27.620293515Z level=info msg="Migration successfully executed" id="Update is_service_account column to nullable" duration=8.034417ms
grafana-ages      | logger=migrator t=2025-06-24T03:09:27.624111569Z level=info msg="Executing migration" id="Add uid column to user"
grafana-ages      | logger=migrator t=2025-06-24T03:09:27.627273461Z level=info msg="Migration successfully executed" id="Add uid column to user" duration=3.159403ms
grafana-ages      | logger=migrator t=2025-06-24T03:09:27.63330535Z level=info msg="Executing migration" id="Update uid column values for users"
grafana-ages      | logger=migrator t=2025-06-24T03:09:27.633707099Z level=info msg="Migration successfully executed" id="Update uid column values for users" duration=406.838µs
grafana-ages      | logger=migrator t=2025-06-24T03:09:27.637259021Z level=info msg="Executing migration" id="Add unique index user_uid"
grafana-ages      | logger=migrator t=2025-06-24T03:09:27.638751646Z level=info msg="Migration successfully executed" id="Add unique index user_uid" duration=1.489928ms
grafana-ages      | logger=migrator t=2025-06-24T03:09:27.642891725Z level=info msg="Executing migration" id="Add is_provisioned column to user"
grafana-ages      | logger=migrator t=2025-06-24T03:09:27.645733624Z level=info msg="Migration successfully executed" id="Add is_provisioned column to user" duration=2.839755ms
grafana-ages      | logger=migrator t=2025-06-24T03:09:27.651281086Z level=info msg="Executing migration" id="update login field with orgid to allow for multiple service accounts with same name across orgs"
grafana-ages      | logger=migrator t=2025-06-24T03:09:27.651694025Z level=info msg="Migration successfully executed" id="update login field with orgid to allow for multiple service accounts with same name across orgs" duration=411.754µs
grafana-ages      | logger=migrator t=2025-06-24T03:09:27.660723147Z level=info msg="Executing migration" id="update service accounts login field orgid to appear only once"
grafana-ages      | logger=migrator t=2025-06-24T03:09:27.661833562Z level=info msg="Migration successfully executed" id="update service accounts login field orgid to appear only once" duration=1.10892ms
grafana-ages      | logger=migrator t=2025-06-24T03:09:27.66682592Z level=info msg="Executing migration" id="update login and email fields to lowercase"
grafana-ages      | logger=migrator t=2025-06-24T03:09:27.668050906Z level=info msg="Migration successfully executed" id="update login and email fields to lowercase" duration=1.224563ms
grafana-ages      | logger=migrator t=2025-06-24T03:09:27.671665163Z level=info msg="Executing migration" id="update login and email fields to lowercase2"
grafana-ages      | logger=migrator t=2025-06-24T03:09:27.672093313Z level=info msg="Migration successfully executed" id="update login and email fields to lowercase2" duration=428.006µs
grafana-ages      | logger=migrator t=2025-06-24T03:09:27.678863648Z level=info msg="Executing migration" id="create temp user table v1-7"
grafana-ages      | logger=migrator t=2025-06-24T03:09:27.680356895Z level=info msg="Migration successfully executed" id="create temp user table v1-7" duration=1.490402ms
grafana-ages      | logger=migrator t=2025-06-24T03:09:27.684535386Z level=info msg="Executing migration" id="create index IDX_temp_user_email - v1-7"
grafana-ages      | logger=migrator t=2025-06-24T03:09:27.68561168Z level=info msg="Migration successfully executed" id="create index IDX_temp_user_email - v1-7" duration=1.075265ms
grafana-ages      | logger=migrator t=2025-06-24T03:09:27.689615428Z level=info msg="Executing migration" id="create index IDX_temp_user_org_id - v1-7"
grafana-ages      | logger=migrator t=2025-06-24T03:09:27.690403503Z level=info msg="Migration successfully executed" id="create index IDX_temp_user_org_id - v1-7" duration=786.708µs
grafana-ages      | logger=migrator t=2025-06-24T03:09:27.6965119Z level=info msg="Executing migration" id="create index IDX_temp_user_code - v1-7"
grafana-ages      | logger=migrator t=2025-06-24T03:09:27.697538664Z level=info msg="Migration successfully executed" id="create index IDX_temp_user_code - v1-7" duration=1.02491ms
grafana-ages      | logger=migrator t=2025-06-24T03:09:27.701255885Z level=info msg="Executing migration" id="create index IDX_temp_user_status - v1-7"
grafana-ages      | logger=migrator t=2025-06-24T03:09:27.702179031Z level=info msg="Migration successfully executed" id="create index IDX_temp_user_status - v1-7" duration=922.477µs
grafana-ages      | logger=migrator t=2025-06-24T03:09:27.705880517Z level=info msg="Executing migration" id="Update temp_user table charset"
grafana-ages      | logger=migrator t=2025-06-24T03:09:27.705922303Z level=info msg="Migration successfully executed" id="Update temp_user table charset" duration=43.983µs
grafana-ages      | logger=migrator t=2025-06-24T03:09:27.710010229Z level=info msg="Executing migration" id="drop index IDX_temp_user_email - v1"
grafana-ages      | logger=migrator t=2025-06-24T03:09:27.711763732Z level=info msg="Migration successfully executed" id="drop index IDX_temp_user_email - v1" duration=1.752796ms
grafana-ages      | logger=migrator t=2025-06-24T03:09:27.71547224Z level=info msg="Executing migration" id="drop index IDX_temp_user_org_id - v1"
grafana-ages      | logger=migrator t=2025-06-24T03:09:27.716399024Z level=info msg="Migration successfully executed" id="drop index IDX_temp_user_org_id - v1" duration=926.43µs
grafana-ages      | logger=migrator t=2025-06-24T03:09:27.720249371Z level=info msg="Executing migration" id="drop index IDX_temp_user_code - v1"
grafana-ages      | logger=migrator t=2025-06-24T03:09:27.721004252Z level=info msg="Migration successfully executed" id="drop index IDX_temp_user_code - v1" duration=755.402µs
grafana-ages      | logger=migrator t=2025-06-24T03:09:27.731632958Z level=info msg="Executing migration" id="drop index IDX_temp_user_status - v1"
grafana-ages      | logger=migrator t=2025-06-24T03:09:27.732389722Z level=info msg="Migration successfully executed" id="drop index IDX_temp_user_status - v1" duration=753.761µs
grafana-ages      | logger=migrator t=2025-06-24T03:09:27.736074324Z level=info msg="Executing migration" id="Rename table temp_user to temp_user_tmp_qwerty - v1"
grafana-ages      | logger=migrator t=2025-06-24T03:09:27.739257324Z level=info msg="Migration successfully executed" id="Rename table temp_user to temp_user_tmp_qwerty - v1" duration=3.186018ms
grafana-ages      | logger=migrator t=2025-06-24T03:09:27.744571616Z level=info msg="Executing migration" id="create temp_user v2"
grafana-ages      | logger=migrator t=2025-06-24T03:09:27.745755158Z level=info msg="Migration successfully executed" id="create temp_user v2" duration=1.182173ms
grafana-ages      | logger=migrator t=2025-06-24T03:09:27.749561202Z level=info msg="Executing migration" id="create index IDX_temp_user_email - v2"
grafana-ages      | logger=migrator t=2025-06-24T03:09:27.75026371Z level=info msg="Migration successfully executed" id="create index IDX_temp_user_email - v2" duration=702.52µs
grafana-ages      | logger=migrator t=2025-06-24T03:09:27.753896064Z level=info msg="Executing migration" id="create index IDX_temp_user_org_id - v2"
grafana-ages      | logger=migrator t=2025-06-24T03:09:27.75453633Z level=info msg="Migration successfully executed" id="create index IDX_temp_user_org_id - v2" duration=640.826µs
grafana-ages      | logger=migrator t=2025-06-24T03:09:27.759656779Z level=info msg="Executing migration" id="create index IDX_temp_user_code - v2"
grafana-ages      | logger=migrator t=2025-06-24T03:09:27.760756874Z level=info msg="Migration successfully executed" id="create index IDX_temp_user_code - v2" duration=1.095521ms
grafana-ages      | logger=migrator t=2025-06-24T03:09:27.764399379Z level=info msg="Executing migration" id="create index IDX_temp_user_status - v2"
grafana-ages      | logger=migrator t=2025-06-24T03:09:27.765258342Z level=info msg="Migration successfully executed" id="create index IDX_temp_user_status - v2" duration=857.476µs
grafana-ages      | logger=migrator t=2025-06-24T03:09:27.768990499Z level=info msg="Executing migration" id="copy temp_user v1 to v2"
grafana-ages      | logger=migrator t=2025-06-24T03:09:27.769475917Z level=info msg="Migration successfully executed" id="copy temp_user v1 to v2" duration=484.64µs
grafana-ages      | logger=migrator t=2025-06-24T03:09:27.773228463Z level=info msg="Executing migration" id="drop temp_user_tmp_qwerty"
grafana-ages      | logger=migrator t=2025-06-24T03:09:27.773884372Z level=info msg="Migration successfully executed" id="drop temp_user_tmp_qwerty" duration=670.716µs
grafana-ages      | logger=migrator t=2025-06-24T03:09:27.777554735Z level=info msg="Executing migration" id="Set created for temp users that will otherwise prematurely expire"
grafana-ages      | logger=migrator t=2025-06-24T03:09:27.778448387Z level=info msg="Migration successfully executed" id="Set created for temp users that will otherwise prematurely expire" duration=892.024µs
grafana-ages      | logger=migrator t=2025-06-24T03:09:27.782338108Z level=info msg="Executing migration" id="create star table"
grafana-ages      | logger=migrator t=2025-06-24T03:09:27.783010228Z level=info msg="Migration successfully executed" id="create star table" duration=671.773µs
grafana-ages      | logger=migrator t=2025-06-24T03:09:27.786674762Z level=info msg="Executing migration" id="add unique index star.user_id_dashboard_id"
grafana-ages      | logger=migrator t=2025-06-24T03:09:27.787525783Z level=info msg="Migration successfully executed" id="add unique index star.user_id_dashboard_id" duration=850.844µs
grafana-ages      | logger=migrator t=2025-06-24T03:09:27.791311485Z level=info msg="Executing migration" id="Add column dashboard_uid in star"
grafana-ages      | logger=migrator t=2025-06-24T03:09:27.793342348Z level=info msg="Migration successfully executed" id="Add column dashboard_uid in star" duration=2.02641ms
grafana-ages      | logger=migrator t=2025-06-24T03:09:27.798924702Z level=info msg="Executing migration" id="Add column org_id in star"
grafana-ages      | logger=migrator t=2025-06-24T03:09:27.800766246Z level=info msg="Migration successfully executed" id="Add column org_id in star" duration=1.84153ms
grafana-ages      | logger=migrator t=2025-06-24T03:09:27.805067191Z level=info msg="Executing migration" id="Add column updated in star"
grafana-ages      | logger=migrator t=2025-06-24T03:09:27.806972002Z level=info msg="Migration successfully executed" id="Add column updated in star" duration=1.902358ms
grafana-ages      | logger=migrator t=2025-06-24T03:09:27.81602037Z level=info msg="Executing migration" id="add index in star table on dashboard_uid, org_id and user_id columns"
grafana-ages      | logger=migrator t=2025-06-24T03:09:27.817269605Z level=info msg="Migration successfully executed" id="add index in star table on dashboard_uid, org_id and user_id columns" duration=1.247724ms
grafana-ages      | logger=migrator t=2025-06-24T03:09:27.822447066Z level=info msg="Executing migration" id="create org table v1"
grafana-ages      | logger=migrator t=2025-06-24T03:09:27.823075326Z level=info msg="Migration successfully executed" id="create org table v1" duration=628.668µs
grafana-ages      | logger=migrator t=2025-06-24T03:09:27.829163007Z level=info msg="Executing migration" id="create index UQE_org_name - v1"
grafana-ages      | logger=migrator t=2025-06-24T03:09:27.831157457Z level=info msg="Migration successfully executed" id="create index UQE_org_name - v1" duration=1.998242ms
grafana-ages      | logger=migrator t=2025-06-24T03:09:27.835130966Z level=info msg="Executing migration" id="create org_user table v1"
grafana-ages      | logger=migrator t=2025-06-24T03:09:27.83595688Z level=info msg="Migration successfully executed" id="create org_user table v1" duration=826.361µs
grafana-ages      | logger=migrator t=2025-06-24T03:09:27.839687353Z level=info msg="Executing migration" id="create index IDX_org_user_org_id - v1"
grafana-ages      | logger=migrator t=2025-06-24T03:09:27.840482209Z level=info msg="Migration successfully executed" id="create index IDX_org_user_org_id - v1" duration=794.462µs
grafana-ages      | logger=migrator t=2025-06-24T03:09:27.847395959Z level=info msg="Executing migration" id="create index UQE_org_user_org_id_user_id - v1"
grafana-ages      | logger=migrator t=2025-06-24T03:09:27.848596105Z level=info msg="Migration successfully executed" id="create index UQE_org_user_org_id_user_id - v1" duration=1.198123ms
grafana-ages      | logger=migrator t=2025-06-24T03:09:27.855784838Z level=info msg="Executing migration" id="create index IDX_org_user_user_id - v1"
grafana-ages      | logger=migrator t=2025-06-24T03:09:27.856586658Z level=info msg="Migration successfully executed" id="create index IDX_org_user_user_id - v1" duration=801.098µs
grafana-ages      | logger=migrator t=2025-06-24T03:09:27.86161141Z level=info msg="Executing migration" id="Update org table charset"
grafana-ages      | logger=migrator t=2025-06-24T03:09:27.861661266Z level=info msg="Migration successfully executed" id="Update org table charset" duration=47.238µs
grafana-ages      | logger=migrator t=2025-06-24T03:09:27.865688016Z level=info msg="Executing migration" id="Update org_user table charset"
grafana-ages      | logger=migrator t=2025-06-24T03:09:27.86572907Z level=info msg="Migration successfully executed" id="Update org_user table charset" duration=43.762µs
grafana-ages      | logger=migrator t=2025-06-24T03:09:27.870612426Z level=info msg="Executing migration" id="Migrate all Read Only Viewers to Viewers"
grafana-ages      | logger=migrator t=2025-06-24T03:09:27.87083342Z level=info msg="Migration successfully executed" id="Migrate all Read Only Viewers to Viewers" duration=222.18µs
grafana-ages      | logger=migrator t=2025-06-24T03:09:27.874302659Z level=info msg="Executing migration" id="create dashboard table"
grafana-ages      | logger=migrator t=2025-06-24T03:09:27.87527408Z level=info msg="Migration successfully executed" id="create dashboard table" duration=969.887µs
grafana-ages      | logger=migrator t=2025-06-24T03:09:27.879364999Z level=info msg="Executing migration" id="add index dashboard.account_id"
grafana-ages      | logger=migrator t=2025-06-24T03:09:27.880521304Z level=info msg="Migration successfully executed" id="add index dashboard.account_id" duration=1.155547ms
grafana-ages      | logger=migrator t=2025-06-24T03:09:27.886317591Z level=info msg="Executing migration" id="add unique index dashboard_account_id_slug"
grafana-ages      | logger=migrator t=2025-06-24T03:09:27.887055408Z level=info msg="Migration successfully executed" id="add unique index dashboard_account_id_slug" duration=740.28µs
grafana-ages      | logger=migrator t=2025-06-24T03:09:27.891522878Z level=info msg="Executing migration" id="create dashboard_tag table"
grafana-ages      | logger=migrator t=2025-06-24T03:09:27.892388937Z level=info msg="Migration successfully executed" id="create dashboard_tag table" duration=864.011µs
grafana-ages      | logger=migrator t=2025-06-24T03:09:27.897163031Z level=info msg="Executing migration" id="add unique index dashboard_tag.dasboard_id_term"
grafana-ages      | logger=migrator t=2025-06-24T03:09:27.898090803Z level=info msg="Migration successfully executed" id="add unique index dashboard_tag.dasboard_id_term" duration=928.095µs
grafana-ages      | logger=migrator t=2025-06-24T03:09:27.901981685Z level=info msg="Executing migration" id="drop index UQE_dashboard_tag_dashboard_id_term - v1"
grafana-ages      | logger=migrator t=2025-06-24T03:09:27.90279913Z level=info msg="Migration successfully executed" id="drop index UQE_dashboard_tag_dashboard_id_term - v1" duration=838.659µs
grafana-ages      | logger=migrator t=2025-06-24T03:09:27.906306034Z level=info msg="Executing migration" id="Rename table dashboard to dashboard_v1 - v1"
grafana-ages      | logger=migrator t=2025-06-24T03:09:27.911238677Z level=info msg="Migration successfully executed" id="Rename table dashboard to dashboard_v1 - v1" duration=4.929828ms
grafana-ages      | logger=migrator t=2025-06-24T03:09:27.916086088Z level=info msg="Executing migration" id="create dashboard v2"
grafana-ages      | logger=migrator t=2025-06-24T03:09:27.916873829Z level=info msg="Migration successfully executed" id="create dashboard v2" duration=788.176µs
grafana-ages      | logger=migrator t=2025-06-24T03:09:27.920501739Z level=info msg="Executing migration" id="create index IDX_dashboard_org_id - v2"
grafana-ages      | logger=migrator t=2025-06-24T03:09:27.921091885Z level=info msg="Migration successfully executed" id="create index IDX_dashboard_org_id - v2" duration=590.579µs
grafana-ages      | logger=migrator t=2025-06-24T03:09:27.924666858Z level=info msg="Executing migration" id="create index UQE_dashboard_org_id_slug - v2"
grafana-ages      | logger=migrator t=2025-06-24T03:09:27.925763812Z level=info msg="Migration successfully executed" id="create index UQE_dashboard_org_id_slug - v2" duration=1.085875ms
grafana-ages      | logger=migrator t=2025-06-24T03:09:27.932889267Z level=info msg="Executing migration" id="copy dashboard v1 to v2"
grafana-ages      | logger=migrator t=2025-06-24T03:09:27.933303351Z level=info msg="Migration successfully executed" id="copy dashboard v1 to v2" duration=414.387µs
grafana-ages      | logger=migrator t=2025-06-24T03:09:27.936926873Z level=info msg="Executing migration" id="drop table dashboard_v1"
grafana-ages      | logger=migrator t=2025-06-24T03:09:27.937962631Z level=info msg="Migration successfully executed" id="drop table dashboard_v1" duration=1.034346ms
grafana-ages      | logger=migrator t=2025-06-24T03:09:27.941787759Z level=info msg="Executing migration" id="alter dashboard.data to mediumtext v1"
grafana-ages      | logger=migrator t=2025-06-24T03:09:27.941815975Z level=info msg="Migration successfully executed" id="alter dashboard.data to mediumtext v1" duration=30.82µs
grafana-ages      | logger=migrator t=2025-06-24T03:09:27.947234991Z level=info msg="Executing migration" id="Add column updated_by in dashboard - v2"
grafana-ages      | logger=migrator t=2025-06-24T03:09:27.94955514Z level=info msg="Migration successfully executed" id="Add column updated_by in dashboard - v2" duration=2.31812ms
grafana-ages      | logger=migrator t=2025-06-24T03:09:27.954039473Z level=info msg="Executing migration" id="Add column created_by in dashboard - v2"
grafana-ages      | logger=migrator t=2025-06-24T03:09:27.956068271Z level=info msg="Migration successfully executed" id="Add column created_by in dashboard - v2" duration=2.02571ms
grafana-ages      | logger=migrator t=2025-06-24T03:09:27.962097328Z level=info msg="Executing migration" id="Add column gnetId in dashboard"
grafana-ages      | logger=migrator t=2025-06-24T03:09:27.965246146Z level=info msg="Migration successfully executed" id="Add column gnetId in dashboard" duration=3.141912ms
grafana-ages      | logger=migrator t=2025-06-24T03:09:27.970695039Z level=info msg="Executing migration" id="Add index for gnetId in dashboard"
grafana-ages      | logger=migrator t=2025-06-24T03:09:27.97135906Z level=info msg="Migration successfully executed" id="Add index for gnetId in dashboard" duration=664.459µs
grafana-ages      | logger=migrator t=2025-06-24T03:09:27.977026106Z level=info msg="Executing migration" id="Add column plugin_id in dashboard"
grafana-ages      | logger=migrator t=2025-06-24T03:09:27.97913583Z level=info msg="Migration successfully executed" id="Add column plugin_id in dashboard" duration=2.108612ms
grafana-ages      | logger=migrator t=2025-06-24T03:09:27.98853806Z level=info msg="Executing migration" id="Add index for plugin_id in dashboard"
grafana-ages      | logger=migrator t=2025-06-24T03:09:27.98957068Z level=info msg="Migration successfully executed" id="Add index for plugin_id in dashboard" duration=1.032704ms
fiware-keyrock  | Stopping Postfix Mail Transport Agent: postfix.
fiware-keyrock    | Starting Postfix Mail Transport Agent: postfix.
fiware-keyrock    | Waiting for database connection...
fiware-keyrock    | Waiting for database connection...
fiware-keyrock    | Waiting for database connection...
fiware-keyrock    | Waiting for database connection...
fiware-keyrock    | Waiting for database connection...
db-mongo-ages  | 2025-06-24T03:09:25.889+0000 I CONTROL  [initandlisten] MongoDB starting : pid=1 port=27017 dbpath=/data/db 64-bit host=mongo-db-ages
db-mongo-ages     | 2025-06-24T03:09:25.889+0000 I CONTROL  [initandlisten] db version v3.6.23
db-mongo-ages     | 2025-06-24T03:09:25.889+0000 I CONTROL  [initandlisten] git version: d352e6a4764659e0d0350ce77279de3c1f243e5c
db-mysql       | 2025-06-24 03:09:26+00:00 [Note] [Entrypoint]: Entrypoint script for MySQL Server 5.7.44-1.el7 started.
db-mysql          | 2025-06-24 03:09:26+00:00 [Note] [Entrypoint]: Switching to dedicated user 'mysql'
grafana-ages      | logger=migrator t=2025-06-24T03:09:27.999630195Z level=info msg="Executing migration" id="Add index for dashboard_id in dashboard_tag"
grafana-ages      | logger=migrator t=2025-06-24T03:09:28.000807277Z level=info msg="Migration successfully executed" id="Add index for dashboard_id in dashboard_tag" duration=1.174853ms
grafana-ages      | logger=migrator t=2025-06-24T03:09:28.006558471Z level=info msg="Executing migration" id="Update dashboard table charset"
grafana-ages      | logger=migrator t=2025-06-24T03:09:28.006605561Z level=info msg="Migration successfully executed" id="Update dashboard table charset" duration=47.67µs
grafana-ages      | logger=migrator t=2025-06-24T03:09:28.012407493Z level=info msg="Executing migration" id="Update dashboard_tag table charset"
grafana-ages      | logger=migrator t=2025-06-24T03:09:28.012454063Z level=info msg="Migration successfully executed" id="Update dashboard_tag table charset" duration=49.12µs
db-mongo-ages     | 2025-06-24T03:09:25.889+0000 I CONTROL  [initandlisten] OpenSSL version: OpenSSL 1.0.2g  1 Mar 2016
db-mongo-ages     | 2025-06-24T03:09:25.889+0000 I CONTROL  [initandlisten] allocator: tcmalloc
db-mongo-ages     | 2025-06-24T03:09:25.889+0000 I CONTROL  [initandlisten] modules: none
db-mongo-ages     | 2025-06-24T03:09:25.889+0000 I CONTROL  [initandlisten] build environment:
grafana-ages      | logger=migrator t=2025-06-24T03:09:28.018011455Z level=info msg="Executing migration" id="Add column folder_id in dashboard"
grafana-ages      | logger=migrator t=2025-06-24T03:09:28.01958222Z level=info msg="Migration successfully executed" id="Add column folder_id in dashboard" duration=1.569024ms
grafana-ages      | logger=migrator t=2025-06-24T03:09:28.023006785Z level=info msg="Executing migration" id="Add column isFolder in dashboard"
grafana-ages      | logger=migrator t=2025-06-24T03:09:28.024578613Z level=info msg="Migration successfully executed" id="Add column isFolder in dashboard" duration=1.57031ms
grafana-ages      | logger=migrator t=2025-06-24T03:09:28.029984117Z level=info msg="Executing migration" id="Add column has_acl in dashboard"
grafana-ages      | logger=migrator t=2025-06-24T03:09:28.032328518Z level=info msg="Migration successfully executed" id="Add column has_acl in dashboard" duration=2.34194ms
grafana-ages      | logger=migrator t=2025-06-24T03:09:28.036151543Z level=info msg="Executing migration" id="Add column uid in dashboard"
grafana-ages      | logger=migrator t=2025-06-24T03:09:28.038199228Z level=info msg="Migration successfully executed" id="Add column uid in dashboard" duration=2.046568ms
grafana-ages      | logger=migrator t=2025-06-24T03:09:28.041945733Z level=info msg="Executing migration" id="Update uid column values in dashboard"
grafana-ages      | logger=migrator t=2025-06-24T03:09:28.042304771Z level=info msg="Migration successfully executed" id="Update uid column values in dashboard" duration=357.106µs
grafana-ages      | logger=migrator t=2025-06-24T03:09:28.050726808Z level=info msg="Executing migration" id="Add unique index dashboard_org_id_uid"
grafana-ages      | logger=migrator t=2025-06-24T03:09:28.051648209Z level=info msg="Migration successfully executed" id="Add unique index dashboard_org_id_uid" duration=920.4µs
grafana-ages      | logger=migrator t=2025-06-24T03:09:28.057785964Z level=info msg="Executing migration" id="Remove unique index org_id_slug"
grafana-ages      | logger=migrator t=2025-06-24T03:09:28.058644767Z level=info msg="Migration successfully executed" id="Remove unique index org_id_slug" duration=858.019µs
grafana-ages      | logger=migrator t=2025-06-24T03:09:28.066190539Z level=info msg="Executing migration" id="Update dashboard title length"
grafana-ages      | logger=migrator t=2025-06-24T03:09:28.066224806Z level=info msg="Migration successfully executed" id="Update dashboard title length" duration=36.182µs
grafana-ages      | logger=migrator t=2025-06-24T03:09:28.069811667Z level=info msg="Executing migration" id="Add unique index for dashboard_org_id_title_folder_id"
grafana-ages      | logger=migrator t=2025-06-24T03:09:28.070772769Z level=info msg="Migration successfully executed" id="Add unique index for dashboard_org_id_title_folder_id" duration=960.796µs
grafana-ages      | logger=migrator t=2025-06-24T03:09:28.074699497Z level=info msg="Executing migration" id="create dashboard_provisioning"
grafana-ages      | logger=migrator t=2025-06-24T03:09:28.075378186Z level=info msg="Migration successfully executed" id="create dashboard_provisioning" duration=677.45µs
grafana-ages      | logger=migrator t=2025-06-24T03:09:28.080355789Z level=info msg="Executing migration" id="Rename table dashboard_provisioning to dashboard_provisioning_tmp_qwerty - v1"
grafana-ages      | logger=migrator t=2025-06-24T03:09:28.085945887Z level=info msg="Migration successfully executed" id="Rename table dashboard_provisioning to dashboard_provisioning_tmp_qwerty - v1" duration=5.589994ms
grafana-ages      | logger=migrator t=2025-06-24T03:09:28.089625571Z level=info msg="Executing migration" id="create dashboard_provisioning v2"
grafana-ages      | logger=migrator t=2025-06-24T03:09:28.09037332Z level=info msg="Migration successfully executed" id="create dashboard_provisioning v2" duration=746.488µs
grafana-ages      | logger=migrator t=2025-06-24T03:09:28.094871875Z level=info msg="Executing migration" id="create index IDX_dashboard_provisioning_dashboard_id - v2"
grafana-ages      | logger=migrator t=2025-06-24T03:09:28.096250904Z level=info msg="Migration successfully executed" id="create index IDX_dashboard_provisioning_dashboard_id - v2" duration=1.37711ms
grafana-ages      | logger=migrator t=2025-06-24T03:09:28.101013975Z level=info msg="Executing migration" id="create index IDX_dashboard_provisioning_dashboard_id_name - v2"
grafana-ages      | logger=migrator t=2025-06-24T03:09:28.101834559Z level=info msg="Migration successfully executed" id="create index IDX_dashboard_provisioning_dashboard_id_name - v2" duration=817.139µs
grafana-ages      | logger=migrator t=2025-06-24T03:09:28.105615803Z level=info msg="Executing migration" id="copy dashboard_provisioning v1 to v2"
quantumleap-ages  | time=2025-06-24 03:09:29.105 | level=DEBUG | corr=None | from=None | srv=None | subserv=None | op=read | comp=utils.cfgreader | msg=Env variable USE_FLASK not set, using default value of: False | payload=None | thread=132502275730760  | process=1
grafana-ages      | logger=migrator t=2025-06-24T03:09:28.105989232Z level=info msg="Migration successfully executed" id="copy dashboard_provisioning v1 to v2" duration=374.904µs
db-mysql          | 2025-06-24 03:09:26+00:00 [Note] [Entrypoint]: Entrypoint script for MySQL Server 5.7.44-1.el7 started.
db-mysql          | 2025-06-24 03:09:26+00:00 [Note] [Entrypoint]: Initializing database files
db-mysql          | 2025-06-24T03:09:26.932811Z 0 [Warning] TIMESTAMP with implicit DEFAULT value is deprecated. Please use --explicit_defaults_for_timestamp server option (see documentation for more details).
db-mysql          | 2025-06-24T03:09:27.360626Z 0 [Warning] InnoDB: New log files created, LSN=45790
db-mysql          | 2025-06-24T03:09:27.434359Z 0 [Warning] InnoDB: Creating foreign key constraint system tables.
db-mysql          | 2025-06-24T03:09:27.498148Z 0 [Warning] No existing UUID has been found, so we assume that this is the first time that this server has been started. Generating a new UUID: a36c0f22-50a8-11f0-9fe4-fa31579a8baf.
db-mysql          | 2025-06-24T03:09:27.501267Z 0 [Warning] Gtid table is not ready to be used. Table 'mysql.gtid_executed' cannot be opened.
db-mysql          | 2025-06-24T03:09:28.148480Z 0 [Warning] A deprecated TLS version TLSv1 is enabled. Please use TLSv1.2 or higher.
db-mysql          | 2025-06-24T03:09:28.148498Z 0 [Warning] A deprecated TLS version TLSv1.1 is enabled. Please use TLSv1.2 or higher.
db-mysql          | 2025-06-24T03:09:28.149281Z 0 [Warning] CA certificate ca.pem is self signed.
db-mysql          | 2025-06-24T03:09:28.199012Z 1 [Warning] root@localhost is created with an empty password ! Please consider switching off the --initialize-insecure option.
db-mysql          | 2025-06-24 03:09:31+00:00 [Note] [Entrypoint]: Database files initialized
db-mysql          | 2025-06-24 03:09:31+00:00 [Note] [Entrypoint]: Starting temporary server
db-mysql          | 2025-06-24 03:09:31+00:00 [Note] [Entrypoint]: Waiting for server startup
db-mysql          | 2025-06-24T03:09:31.540219Z 0 [Warning] TIMESTAMP with implicit DEFAULT value is deprecated. Please use --explicit_defaults_for_timestamp server option (see documentation for more details).
db-mysql          | 2025-06-24T03:09:31.542031Z 0 [Note] mysqld (mysqld 5.7.44) starting as process 124 ...
db-mysql          | 2025-06-24T03:09:31.547108Z 0 [Note] InnoDB: PUNCH HOLE support available
db-mysql          | 2025-06-24T03:09:31.547143Z 0 [Note] InnoDB: Mutexes and rw_locks use GCC atomic builtins
db-mysql          | 2025-06-24T03:09:31.547149Z 0 [Note] InnoDB: Uses event mutexes
db-mysql          | 2025-06-24T03:09:31.547153Z 0 [Note] InnoDB: GCC builtin __atomic_thread_fence() is used for memory barrier
db-mysql          | 2025-06-24T03:09:31.547157Z 0 [Note] InnoDB: Compressed tables use zlib 1.2.13
db-mysql          | 2025-06-24T03:09:31.547161Z 0 [Note] InnoDB: Using Linux native AIO
db-mysql          | 2025-06-24T03:09:31.547503Z 0 [Note] InnoDB: Number of pools: 1
db-mysql          | 2025-06-24T03:09:31.547636Z 0 [Note] InnoDB: Using CPU crc32 instructions
db-mysql          | 2025-06-24T03:09:31.549802Z 0 [Note] InnoDB: Initializing buffer pool, total size = 128M, instances = 1, chunk size = 128M
db-mysql          | 2025-06-24T03:09:31.562072Z 0 [Note] InnoDB: Completed initialization of buffer pool
db-mysql          | 2025-06-24T03:09:31.565069Z 0 [Note] InnoDB: If the mysqld execution user is authorized, page cleaner thread priority can be changed. See the man page of setpriority().
db-mysql          | 2025-06-24T03:09:31.578221Z 0 [Note] InnoDB: Highest supported file format is Barracuda.
db-mysql          | 2025-06-24T03:09:31.590661Z 0 [Note] InnoDB: Creating shared tablespace for temporary tables
db-mysql          | 2025-06-24T03:09:31.590920Z 0 [Note] InnoDB: Setting file './ibtmp1' size to 12 MB. Physically writing the file full; Please wait ...
db-mysql          | 2025-06-24T03:09:31.631088Z 0 [Note] InnoDB: File './ibtmp1' size is now 12 MB.
db-mysql          | 2025-06-24T03:09:31.632697Z 0 [Note] InnoDB: 96 redo rollback segment(s) found. 96 redo rollback segment(s) are active.
db-mysql          | 2025-06-24T03:09:31.633958Z 0 [Note] InnoDB: 32 non-redo rollback segment(s) are active.
db-mysql          | 2025-06-24T03:09:31.634983Z 0 [Note] InnoDB: 5.7.44 started; log sequence number 2768291
db-mysql          | 2025-06-24T03:09:31.635613Z 0 [Note] InnoDB: Loading buffer pool(s) from /var/lib/mysql/ib_buffer_pool
db-mysql          | 2025-06-24T03:09:31.635875Z 0 [Note] Plugin 'FEDERATED' is disabled.
db-mysql          | 2025-06-24T03:09:31.638160Z 0 [Note] InnoDB: Buffer pool(s) load completed at 250624  3:09:31
db-mysql          | 2025-06-24T03:09:31.643582Z 0 [Note] Found ca.pem, server-cert.pem and server-key.pem in data directory. Trying to enable SSL support using them.
db-mysql          | 2025-06-24T03:09:31.643598Z 0 [Note] Skipping generation of SSL certificates as certificate files are present in data directory.
db-mysql          | 2025-06-24T03:09:31.643602Z 0 [Warning] A deprecated TLS version TLSv1 is enabled. Please use TLSv1.2 or higher.
db-mysql          | 2025-06-24T03:09:31.643604Z 0 [Warning] A deprecated TLS version TLSv1.1 is enabled. Please use TLSv1.2 or higher.
db-mysql          | 2025-06-24T03:09:31.644521Z 0 [Warning] CA certificate ca.pem is self signed.
db-mysql          | 2025-06-24T03:09:31.644587Z 0 [Note] Skipping generation of RSA key pair as key files are present in data directory.
db-mysql          | 2025-06-24T03:09:31.657552Z 0 [Warning] Insecure configuration for --pid-file: Location '/var/run/mysqld' in the path is accessible to all OS users. Consider choosing a different directory.
db-mysql          | 2025-06-24T03:09:31.671883Z 0 [Note] Event Scheduler: Loaded 0 events
db-mysql          | 2025-06-24T03:09:31.672106Z 0 [Note] mysqld: ready for connections.
db-mysql          | Version: '5.7.44'  socket: '/var/run/mysqld/mysqld.sock'  port: 0  MySQL Community Server (GPL)
db-mysql          | 2025-06-24 03:09:32+00:00 [Note] [Entrypoint]: Temporary server started.
db-mysql          | '/var/lib/mysql/mysql.sock' -> '/var/run/mysqld/mysqld.sock'
db-mysql          | 2025-06-24T03:09:32.437903Z 3 [Note] InnoDB: Stopping purge
db-mysql          | 2025-06-24T03:09:32.444668Z 3 [Note] InnoDB: Resuming purge
db-mysql          | 2025-06-24T03:09:32.446781Z 3 [Note] InnoDB: Stopping purge
db-mysql          | 2025-06-24T03:09:32.453118Z 3 [Note] InnoDB: Resuming purge
db-mysql          | 2025-06-24T03:09:32.456658Z 3 [Note] InnoDB: Stopping purge
db-mysql          | 2025-06-24T03:09:32.461419Z 3 [Note] InnoDB: Resuming purge
db-mysql          | 2025-06-24T03:09:32.473804Z 3 [Note] InnoDB: Stopping purge
db-mysql          | 2025-06-24T03:09:32.480957Z 3 [Note] InnoDB: Resuming purge
db-mysql          | Warning: Unable to load '/usr/share/zoneinfo/iso3166.tab' as time zone. Skipping it.
db-mysql          | Warning: Unable to load '/usr/share/zoneinfo/leapseconds' as time zone. Skipping it.
db-mysql          | Warning: Unable to load '/usr/share/zoneinfo/tzdata.zi' as time zone. Skipping it.
db-mysql          | Warning: Unable to load '/usr/share/zoneinfo/zone.tab' as time zone. Skipping it.
db-mysql          | Warning: Unable to load '/usr/share/zoneinfo/zone1970.tab' as time zone. Skipping it.
db-mysql          | 
db-mysql          | 2025-06-24 03:09:34+00:00 [Note] [Entrypoint]: Stopping temporary server
db-mysql          | 2025-06-24T03:09:34.500919Z 0 [Note] Giving 0 client threads a chance to die gracefully
db-mysql          | 2025-06-24T03:09:34.500939Z 0 [Note] Shutting down slave threads
db-mysql          | 2025-06-24T03:09:34.500943Z 0 [Note] Forcefully disconnecting 0 remaining clients
db-mysql          | 2025-06-24T03:09:34.500947Z 0 [Note] Event Scheduler: Purging the queue. 0 events
db-mysql          | 2025-06-24T03:09:34.500974Z 0 [Note] Binlog end
db-mysql          | 2025-06-24T03:09:34.501468Z 0 [Note] Shutting down plugin 'ngram'
db-mysql          | 2025-06-24T03:09:34.501475Z 0 [Note] Shutting down plugin 'partition'
db-mysql          | 2025-06-24T03:09:34.501478Z 0 [Note] Shutting down plugin 'BLACKHOLE'
db-mysql          | 2025-06-24T03:09:34.501481Z 0 [Note] Shutting down plugin 'ARCHIVE'
db-mysql          | 2025-06-24T03:09:34.501484Z 0 [Note] Shutting down plugin 'PERFORMANCE_SCHEMA'
db-mysql          | 2025-06-24T03:09:34.501507Z 0 [Note] Shutting down plugin 'MRG_MYISAM'
db-mysql          | 2025-06-24T03:09:34.501511Z 0 [Note] Shutting down plugin 'MyISAM'
db-mysql          | 2025-06-24T03:09:34.501517Z 0 [Note] Shutting down plugin 'INNODB_SYS_VIRTUAL'
db-mysql          | 2025-06-24T03:09:34.501541Z 0 [Note] Shutting down plugin 'INNODB_SYS_DATAFILES'
db-mysql          | 2025-06-24T03:09:34.501544Z 0 [Note] Shutting down plugin 'INNODB_SYS_TABLESPACES'
db-mongo-ages     | 2025-06-24T03:09:25.889+0000 I CONTROL  [initandlisten]     distmod: ubuntu1604
db-mongo-ages     | 2025-06-24T03:09:25.889+0000 I CONTROL  [initandlisten]     distarch: x86_64
db-mongo-ages     | 2025-06-24T03:09:25.889+0000 I CONTROL  [initandlisten]     target_arch: x86_64
db-mongo-ages     | 2025-06-24T03:09:25.889+0000 I CONTROL  [initandlisten] options: { net: { bindIpAll: true } }
db-mongo-ages     | 2025-06-24T03:09:25.891+0000 I STORAGE  [initandlisten] 
db-mongo-ages     | 2025-06-24T03:09:25.891+0000 I STORAGE  [initandlisten] ** WARNING: Using the XFS filesystem is strongly recommended with the WiredTiger storage engine
db-mongo-ages     | 2025-06-24T03:09:25.891+0000 I STORAGE  [initandlisten] **          See http://dochub.mongodb.org/core/prodnotes-filesystem
db-mysql          | 2025-06-24T03:09:34.501546Z 0 [Note] Shutting down plugin 'INNODB_SYS_FOREIGN_COLS'
db-mysql          | 2025-06-24T03:09:34.501549Z 0 [Note] Shutting down plugin 'INNODB_SYS_FOREIGN'
db-mysql          | 2025-06-24T03:09:34.501551Z 0 [Note] Shutting down plugin 'INNODB_SYS_FIELDS'
db-mysql          | 2025-06-24T03:09:34.501554Z 0 [Note] Shutting down plugin 'INNODB_SYS_COLUMNS'
db-mysql          | 2025-06-24T03:09:34.501556Z 0 [Note] Shutting down plugin 'INNODB_SYS_INDEXES'
db-mysql          | 2025-06-24T03:09:34.501559Z 0 [Note] Shutting down plugin 'INNODB_SYS_TABLESTATS'
db-mysql          | 2025-06-24T03:09:34.501561Z 0 [Note] Shutting down plugin 'INNODB_SYS_TABLES'
db-mysql          | 2025-06-24T03:09:34.501564Z 0 [Note] Shutting down plugin 'INNODB_FT_INDEX_TABLE'
db-mysql          | 2025-06-24T03:09:34.501567Z 0 [Note] Shutting down plugin 'INNODB_FT_INDEX_CACHE'
db-mysql          | 2025-06-24T03:09:34.501569Z 0 [Note] Shutting down plugin 'INNODB_FT_CONFIG'
db-mysql          | 2025-06-24T03:09:34.501571Z 0 [Note] Shutting down plugin 'INNODB_FT_BEING_DELETED'
db-mysql          | 2025-06-24T03:09:34.501574Z 0 [Note] Shutting down plugin 'INNODB_FT_DELETED'
db-mysql          | 2025-06-24T03:09:34.501576Z 0 [Note] Shutting down plugin 'INNODB_FT_DEFAULT_STOPWORD'
db-mysql          | 2025-06-24T03:09:34.501579Z 0 [Note] Shutting down plugin 'INNODB_METRICS'
db-mysql          | 2025-06-24T03:09:34.501581Z 0 [Note] Shutting down plugin 'INNODB_TEMP_TABLE_INFO'
db-mysql          | 2025-06-24T03:09:34.501584Z 0 [Note] Shutting down plugin 'INNODB_BUFFER_POOL_STATS'
db-mysql          | 2025-06-24T03:09:34.501587Z 0 [Note] Shutting down plugin 'INNODB_BUFFER_PAGE_LRU'
db-mysql          | 2025-06-24T03:09:34.501591Z 0 [Note] Shutting down plugin 'INNODB_BUFFER_PAGE'
db-mysql          | 2025-06-24T03:09:34.501594Z 0 [Note] Shutting down plugin 'INNODB_CMP_PER_INDEX_RESET'
db-mysql          | 2025-06-24T03:09:34.501597Z 0 [Note] Shutting down plugin 'INNODB_CMP_PER_INDEX'
db-mysql          | 2025-06-24T03:09:34.501600Z 0 [Note] Shutting down plugin 'INNODB_CMPMEM_RESET'
db-mysql          | 2025-06-24T03:09:34.501603Z 0 [Note] Shutting down plugin 'INNODB_CMPMEM'
db-mysql          | 2025-06-24T03:09:34.501607Z 0 [Note] Shutting down plugin 'INNODB_CMP_RESET'
db-mysql          | 2025-06-24T03:09:34.501610Z 0 [Note] Shutting down plugin 'INNODB_CMP'
db-mysql          | 2025-06-24T03:09:34.501613Z 0 [Note] Shutting down plugin 'INNODB_LOCK_WAITS'
db-mysql          | 2025-06-24T03:09:34.501616Z 0 [Note] Shutting down plugin 'INNODB_LOCKS'
db-mysql          | 2025-06-24T03:09:34.501618Z 0 [Note] Shutting down plugin 'INNODB_TRX'
db-mysql          | 2025-06-24T03:09:34.501621Z 0 [Note] Shutting down plugin 'InnoDB'
db-mysql          | 2025-06-24T03:09:34.501675Z 0 [Note] InnoDB: FTS optimize thread exiting.
db-mysql          | 2025-06-24T03:09:34.501728Z 0 [Note] InnoDB: Starting shutdown...
db-mysql          | 2025-06-24T03:09:34.601936Z 0 [Note] InnoDB: Dumping buffer pool(s) to /var/lib/mysql/ib_buffer_pool
db-mysql          | 2025-06-24T03:09:34.602248Z 0 [Note] InnoDB: Buffer pool(s) dump completed at 250624  3:09:34
grafana-ages      | logger=migrator t=2025-06-24T03:09:28.109954212Z level=info msg="Executing migration" id="drop dashboard_provisioning_tmp_qwerty"
grafana-ages      | logger=migrator t=2025-06-24T03:09:28.11096646Z level=info msg="Migration successfully executed" id="drop dashboard_provisioning_tmp_qwerty" duration=1.008799ms
grafana-ages      | logger=migrator t=2025-06-24T03:09:28.11472764Z level=info msg="Executing migration" id="Add check_sum column"
grafana-ages      | logger=migrator t=2025-06-24T03:09:28.116498863Z level=info msg="Migration successfully executed" id="Add check_sum column" duration=1.771361ms
grafana-ages      | logger=migrator t=2025-06-24T03:09:28.12005941Z level=info msg="Executing migration" id="Add index for dashboard_title"
grafana-ages      | logger=migrator t=2025-06-24T03:09:28.12068126Z level=info msg="Migration successfully executed" id="Add index for dashboard_title" duration=622.819µs
grafana-ages      | logger=migrator t=2025-06-24T03:09:28.126264294Z level=info msg="Executing migration" id="delete tags for deleted dashboards"
grafana-ages      | logger=migrator t=2025-06-24T03:09:28.126647788Z level=info msg="Migration successfully executed" id="delete tags for deleted dashboards" duration=382.838µs
grafana-ages      | logger=migrator t=2025-06-24T03:09:28.130382368Z level=info msg="Executing migration" id="delete stars for deleted dashboards"
grafana-ages      | logger=migrator t=2025-06-24T03:09:28.130604205Z level=info msg="Migration successfully executed" id="delete stars for deleted dashboards" duration=223.601µs
grafana-ages      | logger=migrator t=2025-06-24T03:09:28.134241096Z level=info msg="Executing migration" id="Add index for dashboard_is_folder"
grafana-ages      | logger=migrator t=2025-06-24T03:09:28.134923764Z level=info msg="Migration successfully executed" id="Add index for dashboard_is_folder" duration=683.913µs
grafana-ages      | logger=migrator t=2025-06-24T03:09:28.138567536Z level=info msg="Executing migration" id="Add isPublic for dashboard"
grafana-ages      | logger=migrator t=2025-06-24T03:09:28.140149539Z level=info msg="Migration successfully executed" id="Add isPublic for dashboard" duration=1.582544ms
grafana-ages      | logger=migrator t=2025-06-24T03:09:28.144457633Z level=info msg="Executing migration" id="Add deleted for dashboard"
grafana-ages      | logger=migrator t=2025-06-24T03:09:28.146266663Z level=info msg="Migration successfully executed" id="Add deleted for dashboard" duration=1.808287ms
grafana-ages      | logger=migrator t=2025-06-24T03:09:28.150050454Z level=info msg="Executing migration" id="Add index for deleted"
grafana-ages      | logger=migrator t=2025-06-24T03:09:28.150722165Z level=info msg="Migration successfully executed" id="Add index for deleted" duration=671.944µs
grafana-ages      | logger=migrator t=2025-06-24T03:09:28.161705817Z level=info msg="Executing migration" id="Add column dashboard_uid in dashboard_tag"
grafana-ages      | logger=migrator t=2025-06-24T03:09:28.163697189Z level=info msg="Migration successfully executed" id="Add column dashboard_uid in dashboard_tag" duration=1.994021ms
grafana-ages      | logger=migrator t=2025-06-24T03:09:28.170140137Z level=info msg="Executing migration" id="Add column org_id in dashboard_tag"
grafana-ages      | logger=migrator t=2025-06-24T03:09:28.172006304Z level=info msg="Migration successfully executed" id="Add column org_id in dashboard_tag" duration=1.859967ms
grafana-ages      | logger=migrator t=2025-06-24T03:09:28.176033816Z level=info msg="Executing migration" id="Add missing dashboard_uid and org_id to dashboard_tag"
grafana-ages      | logger=migrator t=2025-06-24T03:09:28.176848514Z level=info msg="Migration successfully executed" id="Add missing dashboard_uid and org_id to dashboard_tag" duration=814.096µs
grafana-ages      | logger=migrator t=2025-06-24T03:09:28.181198957Z level=info msg="Executing migration" id="Add apiVersion for dashboard"
grafana-ages      | logger=migrator t=2025-06-24T03:09:28.183895283Z level=info msg="Migration successfully executed" id="Add apiVersion for dashboard" duration=2.694749ms
grafana-ages      | logger=migrator t=2025-06-24T03:09:28.187537138Z level=info msg="Executing migration" id="Add index for dashboard_uid on dashboard_tag table"
grafana-ages      | logger=migrator t=2025-06-24T03:09:28.188460911Z level=info msg="Migration successfully executed" id="Add index for dashboard_uid on dashboard_tag table" duration=923.64µs
grafana-ages      | logger=migrator t=2025-06-24T03:09:28.195803253Z level=info msg="Executing migration" id="Add missing dashboard_uid and org_id to star"
grafana-ages      | logger=migrator t=2025-06-24T03:09:28.197046119Z level=info msg="Migration successfully executed" id="Add missing dashboard_uid and org_id to star" duration=1.23987ms
grafana-ages      | logger=migrator t=2025-06-24T03:09:28.204401649Z level=info msg="Executing migration" id="create data_source table"
grafana-ages      | logger=migrator t=2025-06-24T03:09:28.205518782Z level=info msg="Migration successfully executed" id="create data_source table" duration=1.116366ms
grafana-ages      | logger=migrator t=2025-06-24T03:09:28.215277982Z level=info msg="Executing migration" id="add index data_source.account_id"
grafana-ages      | logger=migrator t=2025-06-24T03:09:28.216245017Z level=info msg="Migration successfully executed" id="add index data_source.account_id" duration=967.519µs
grafana-ages      | logger=migrator t=2025-06-24T03:09:28.220931305Z level=info msg="Executing migration" id="add unique index data_source.account_id_name"
grafana-ages      | logger=migrator t=2025-06-24T03:09:28.221559343Z level=info msg="Migration successfully executed" id="add unique index data_source.account_id_name" duration=627.757µs
grafana-ages      | logger=migrator t=2025-06-24T03:09:28.22765598Z level=info msg="Executing migration" id="drop index IDX_data_source_account_id - v1"
grafana-ages      | logger=migrator t=2025-06-24T03:09:28.228782221Z level=info msg="Migration successfully executed" id="drop index IDX_data_source_account_id - v1" duration=1.123862ms
grafana-ages      | logger=migrator t=2025-06-24T03:09:28.232647173Z level=info msg="Executing migration" id="drop index UQE_data_source_account_id_name - v1"
grafana-ages      | logger=migrator t=2025-06-24T03:09:28.233681047Z level=info msg="Migration successfully executed" id="drop index UQE_data_source_account_id_name - v1" duration=1.034156ms
grafana-ages      | logger=migrator t=2025-06-24T03:09:28.241886538Z level=info msg="Executing migration" id="Rename table data_source to data_source_v1 - v1"
grafana-ages      | logger=migrator t=2025-06-24T03:09:28.250732529Z level=info msg="Migration successfully executed" id="Rename table data_source to data_source_v1 - v1" duration=8.814705ms
grafana-ages      | logger=migrator t=2025-06-24T03:09:28.256922706Z level=info msg="Executing migration" id="create data_source table v2"
grafana-ages      | logger=migrator t=2025-06-24T03:09:28.2579984Z level=info msg="Migration successfully executed" id="create data_source table v2" duration=1.076591ms
grafana-ages      | logger=migrator t=2025-06-24T03:09:28.263011471Z level=info msg="Executing migration" id="create index IDX_data_source_org_id - v2"
grafana-ages      | logger=migrator t=2025-06-24T03:09:28.263957935Z level=info msg="Migration successfully executed" id="create index IDX_data_source_org_id - v2" duration=945.567µs
grafana-ages      | logger=migrator t=2025-06-24T03:09:28.272917661Z level=info msg="Executing migration" id="create index UQE_data_source_org_id_name - v2"
grafana-ages      | logger=migrator t=2025-06-24T03:09:28.273826364Z level=info msg="Migration successfully executed" id="create index UQE_data_source_org_id_name - v2" duration=908.328µs
grafana-ages      | logger=migrator t=2025-06-24T03:09:28.280898382Z level=info msg="Executing migration" id="Drop old table data_source_v1 #2"
grafana-ages      | logger=migrator t=2025-06-24T03:09:28.281666965Z level=info msg="Migration successfully executed" id="Drop old table data_source_v1 #2" duration=767.284µs
grafana-ages      | logger=migrator t=2025-06-24T03:09:28.287041471Z level=info msg="Executing migration" id="Add column with_credentials"
grafana-ages      | logger=migrator t=2025-06-24T03:09:28.289666806Z level=info msg="Migration successfully executed" id="Add column with_credentials" duration=2.623953ms
grafana-ages      | logger=migrator t=2025-06-24T03:09:28.298707583Z level=info msg="Executing migration" id="Add secure json data column"
grafana-ages      | logger=migrator t=2025-06-24T03:09:28.301768557Z level=info msg="Migration successfully executed" id="Add secure json data column" duration=3.06457ms
grafana-ages      | logger=migrator t=2025-06-24T03:09:28.30727334Z level=info msg="Executing migration" id="Update data_source table charset"
grafana-ages      | logger=migrator t=2025-06-24T03:09:28.30731082Z level=info msg="Migration successfully executed" id="Update data_source table charset" duration=39.707µs
grafana-ages      | logger=migrator t=2025-06-24T03:09:28.31393897Z level=info msg="Executing migration" id="Update initial version to 1"
grafana-ages      | logger=migrator t=2025-06-24T03:09:28.314193103Z level=info msg="Migration successfully executed" id="Update initial version to 1" duration=254.272µs
grafana-ages      | logger=migrator t=2025-06-24T03:09:28.319580281Z level=info msg="Executing migration" id="Add read_only data column"
grafana-ages      | logger=migrator t=2025-06-24T03:09:28.322466314Z level=info msg="Migration successfully executed" id="Add read_only data column" duration=2.880462ms
grafana-ages      | logger=migrator t=2025-06-24T03:09:28.328554638Z level=info msg="Executing migration" id="Migrate logging ds to loki ds"
grafana-ages      | logger=migrator t=2025-06-24T03:09:28.328790064Z level=info msg="Migration successfully executed" id="Migrate logging ds to loki ds" duration=237.211µs
grafana-ages      | logger=migrator t=2025-06-24T03:09:28.334356883Z level=info msg="Executing migration" id="Update json_data with nulls"
grafana-ages      | logger=migrator t=2025-06-24T03:09:28.334601908Z level=info msg="Migration successfully executed" id="Update json_data with nulls" duration=266.916µs
grafana-ages      | logger=migrator t=2025-06-24T03:09:28.340051337Z level=info msg="Executing migration" id="Add uid column"
grafana-ages      | logger=migrator t=2025-06-24T03:09:28.342008695Z level=info msg="Migration successfully executed" id="Add uid column" duration=1.973778ms
grafana-ages      | logger=migrator t=2025-06-24T03:09:28.347616347Z level=info msg="Executing migration" id="Update uid value"
grafana-ages      | logger=migrator t=2025-06-24T03:09:28.34789618Z level=info msg="Migration successfully executed" id="Update uid value" duration=280.81µs
grafana-ages      | logger=migrator t=2025-06-24T03:09:28.353252232Z level=info msg="Executing migration" id="Add unique index datasource_org_id_uid"
grafana-ages      | logger=migrator t=2025-06-24T03:09:28.354091608Z level=info msg="Migration successfully executed" id="Add unique index datasource_org_id_uid" duration=839.094µs
grafana-ages      | logger=migrator t=2025-06-24T03:09:28.364344666Z level=info msg="Executing migration" id="add unique index datasource_org_id_is_default"
grafana-ages      | logger=migrator t=2025-06-24T03:09:28.365583051Z level=info msg="Migration successfully executed" id="add unique index datasource_org_id_is_default" duration=1.23524ms
grafana-ages      | logger=migrator t=2025-06-24T03:09:28.374668197Z level=info msg="Executing migration" id="Add is_prunable column"
grafana-ages      | logger=migrator t=2025-06-24T03:09:28.377710735Z level=info msg="Migration successfully executed" id="Add is_prunable column" duration=3.058251ms
grafana-ages      | logger=migrator t=2025-06-24T03:09:28.383006088Z level=info msg="Executing migration" id="Add api_version column"
grafana-ages      | logger=migrator t=2025-06-24T03:09:28.385504929Z level=info msg="Migration successfully executed" id="Add api_version column" duration=2.490754ms
grafana-ages      | logger=migrator t=2025-06-24T03:09:28.391495046Z level=info msg="Executing migration" id="Update secure_json_data column to MediumText"
grafana-ages      | logger=migrator t=2025-06-24T03:09:28.391518874Z level=info msg="Migration successfully executed" id="Update secure_json_data column to MediumText" duration=25.74µs
grafana-ages      | logger=migrator t=2025-06-24T03:09:28.397462661Z level=info msg="Executing migration" id="create api_key table"
grafana-ages      | logger=migrator t=2025-06-24T03:09:28.398249524Z level=info msg="Migration successfully executed" id="create api_key table" duration=786.604µs
grafana-ages      | logger=migrator t=2025-06-24T03:09:28.403155623Z level=info msg="Executing migration" id="add index api_key.account_id"
grafana-ages      | logger=migrator t=2025-06-24T03:09:28.403851387Z level=info msg="Migration successfully executed" id="add index api_key.account_id" duration=695.225µs
grafana-ages      | logger=migrator t=2025-06-24T03:09:28.411871945Z level=info msg="Executing migration" id="add index api_key.key"
grafana-ages      | logger=migrator t=2025-06-24T03:09:28.41273138Z level=info msg="Migration successfully executed" id="add index api_key.key" duration=858.88µs
grafana-ages      | logger=migrator t=2025-06-24T03:09:28.419704055Z level=info msg="Executing migration" id="add index api_key.account_id_name"
grafana-ages      | logger=migrator t=2025-06-24T03:09:28.420534233Z level=info msg="Migration successfully executed" id="add index api_key.account_id_name" duration=830.444µs
grafana-ages      | logger=migrator t=2025-06-24T03:09:28.427606818Z level=info msg="Executing migration" id="drop index IDX_api_key_account_id - v1"
grafana-ages      | logger=migrator t=2025-06-24T03:09:28.428789942Z level=info msg="Migration successfully executed" id="drop index IDX_api_key_account_id - v1" duration=1.184189ms
grafana-ages      | logger=migrator t=2025-06-24T03:09:28.434978887Z level=info msg="Executing migration" id="drop index UQE_api_key_key - v1"
grafana-ages      | logger=migrator t=2025-06-24T03:09:28.435956095Z level=info msg="Migration successfully executed" id="drop index UQE_api_key_key - v1" duration=976.842µs
grafana-ages      | logger=migrator t=2025-06-24T03:09:28.44208353Z level=info msg="Executing migration" id="drop index UQE_api_key_account_id_name - v1"
grafana-ages      | logger=migrator t=2025-06-24T03:09:28.443244292Z level=info msg="Migration successfully executed" id="drop index UQE_api_key_account_id_name - v1" duration=1.14965ms
grafana-ages      | logger=migrator t=2025-06-24T03:09:28.451719818Z level=info msg="Executing migration" id="Rename table api_key to api_key_v1 - v1"
grafana-ages      | logger=migrator t=2025-06-24T03:09:28.457948405Z level=info msg="Migration successfully executed" id="Rename table api_key to api_key_v1 - v1" duration=6.222953ms
grafana-ages      | logger=migrator t=2025-06-24T03:09:28.466453339Z level=info msg="Executing migration" id="create api_key table v2"
grafana-ages      | logger=migrator t=2025-06-24T03:09:28.467309896Z level=info msg="Migration successfully executed" id="create api_key table v2" duration=856.055µs
grafana-ages      | logger=migrator t=2025-06-24T03:09:28.473252952Z level=info msg="Executing migration" id="create index IDX_api_key_org_id - v2"
grafana-ages      | logger=migrator t=2025-06-24T03:09:28.474139145Z level=info msg="Migration successfully executed" id="create index IDX_api_key_org_id - v2" duration=886.811µs
grafana-ages      | logger=migrator t=2025-06-24T03:09:28.482052564Z level=info msg="Executing migration" id="create index UQE_api_key_key - v2"
grafana-ages      | logger=migrator t=2025-06-24T03:09:28.483115233Z level=info msg="Migration successfully executed" id="create index UQE_api_key_key - v2" duration=1.062322ms
grafana-ages      | logger=migrator t=2025-06-24T03:09:28.488603816Z level=info msg="Executing migration" id="create index UQE_api_key_org_id_name - v2"
grafana-ages      | logger=migrator t=2025-06-24T03:09:28.489448346Z level=info msg="Migration successfully executed" id="create index UQE_api_key_org_id_name - v2" duration=843.721µs
grafana-ages      | logger=migrator t=2025-06-24T03:09:28.493579747Z level=info msg="Executing migration" id="copy api_key v1 to v2"
grafana-ages      | logger=migrator t=2025-06-24T03:09:28.494943713Z level=info msg="Migration successfully executed" id="copy api_key v1 to v2" duration=1.364081ms
grafana-ages      | logger=migrator t=2025-06-24T03:09:28.501293699Z level=info msg="Executing migration" id="Drop old table api_key_v1"
grafana-ages      | logger=migrator t=2025-06-24T03:09:28.502097812Z level=info msg="Migration successfully executed" id="Drop old table api_key_v1" duration=803.426µs
grafana-ages      | logger=migrator t=2025-06-24T03:09:28.507475148Z level=info msg="Executing migration" id="Update api_key table charset"
grafana-ages      | logger=migrator t=2025-06-24T03:09:28.507512066Z level=info msg="Migration successfully executed" id="Update api_key table charset" duration=38.704µs
grafana-ages      | logger=migrator t=2025-06-24T03:09:28.515619634Z level=info msg="Executing migration" id="Add expires to api_key table"
grafana-ages      | logger=migrator t=2025-06-24T03:09:28.517848486Z level=info msg="Migration successfully executed" id="Add expires to api_key table" duration=2.227393ms
grafana-ages      | logger=migrator t=2025-06-24T03:09:28.523037116Z level=info msg="Executing migration" id="Add service account foreign key"
grafana-ages      | logger=migrator t=2025-06-24T03:09:28.52512704Z level=info msg="Migration successfully executed" id="Add service account foreign key" duration=2.088652ms
grafana-ages      | logger=migrator t=2025-06-24T03:09:28.532551261Z level=info msg="Executing migration" id="set service account foreign key to nil if 0"
grafana-ages      | logger=migrator t=2025-06-24T03:09:28.532814229Z level=info msg="Migration successfully executed" id="set service account foreign key to nil if 0" duration=263.74µs
grafana-ages      | logger=migrator t=2025-06-24T03:09:28.539226772Z level=info msg="Executing migration" id="Add last_used_at to api_key table"
grafana-ages      | logger=migrator t=2025-06-24T03:09:28.541182219Z level=info msg="Migration successfully executed" id="Add last_used_at to api_key table" duration=1.953778ms
grafana-ages      | logger=migrator t=2025-06-24T03:09:28.547299958Z level=info msg="Executing migration" id="Add is_revoked column to api_key table"
grafana-ages      | logger=migrator t=2025-06-24T03:09:28.54942988Z level=info msg="Migration successfully executed" id="Add is_revoked column to api_key table" duration=2.117943ms
grafana-ages      | logger=migrator t=2025-06-24T03:09:28.555015282Z level=info msg="Executing migration" id="create dashboard_snapshot table v4"
grafana-ages      | logger=migrator t=2025-06-24T03:09:28.555625591Z level=info msg="Migration successfully executed" id="create dashboard_snapshot table v4" duration=610.529µs
grafana-ages      | logger=migrator t=2025-06-24T03:09:28.561320614Z level=info msg="Executing migration" id="drop table dashboard_snapshot_v4 #1"
grafana-ages      | logger=migrator t=2025-06-24T03:09:28.562484563Z level=info msg="Migration successfully executed" id="drop table dashboard_snapshot_v4 #1" duration=1.157764ms
grafana-ages      | logger=migrator t=2025-06-24T03:09:28.568084659Z level=info msg="Executing migration" id="create dashboard_snapshot table v5 #2"
grafana-ages      | logger=migrator t=2025-06-24T03:09:28.569021515Z level=info msg="Migration successfully executed" id="create dashboard_snapshot table v5 #2" duration=935.734µs
grafana-ages      | logger=migrator t=2025-06-24T03:09:28.579004355Z level=info msg="Executing migration" id="create index UQE_dashboard_snapshot_key - v5"
grafana-ages      | logger=migrator t=2025-06-24T03:09:28.580187137Z level=info msg="Migration successfully executed" id="create index UQE_dashboard_snapshot_key - v5" duration=1.199246ms
grafana-ages      | logger=migrator t=2025-06-24T03:09:28.588281002Z level=info msg="Executing migration" id="create index UQE_dashboard_snapshot_delete_key - v5"
grafana-ages      | logger=migrator t=2025-06-24T03:09:28.589342179Z level=info msg="Migration successfully executed" id="create index UQE_dashboard_snapshot_delete_key - v5" duration=1.060113ms
grafana-ages      | logger=migrator t=2025-06-24T03:09:28.597656323Z level=info msg="Executing migration" id="create index IDX_dashboard_snapshot_user_id - v5"
grafana-ages      | logger=migrator t=2025-06-24T03:09:28.598713019Z level=info msg="Migration successfully executed" id="create index IDX_dashboard_snapshot_user_id - v5" duration=1.053816ms
grafana-ages      | logger=migrator t=2025-06-24T03:09:28.605931768Z level=info msg="Executing migration" id="alter dashboard_snapshot to mediumtext v2"
grafana-ages      | logger=migrator t=2025-06-24T03:09:28.605949548Z level=info msg="Migration successfully executed" id="alter dashboard_snapshot to mediumtext v2" duration=19.508µs
grafana-ages      | logger=migrator t=2025-06-24T03:09:28.612221825Z level=info msg="Executing migration" id="Update dashboard_snapshot table charset"
grafana-ages      | logger=migrator t=2025-06-24T03:09:28.612285484Z level=info msg="Migration successfully executed" id="Update dashboard_snapshot table charset" duration=69.972µs
grafana-ages      | logger=migrator t=2025-06-24T03:09:28.61707487Z level=info msg="Executing migration" id="Add column external_delete_url to dashboard_snapshots table"
grafana-ages      | logger=migrator t=2025-06-24T03:09:28.620359162Z level=info msg="Migration successfully executed" id="Add column external_delete_url to dashboard_snapshots table" duration=3.282582ms
grafana-ages      | logger=migrator t=2025-06-24T03:09:28.624670292Z level=info msg="Executing migration" id="Add encrypted dashboard json column"
grafana-ages      | logger=migrator t=2025-06-24T03:09:28.628116918Z level=info msg="Migration successfully executed" id="Add encrypted dashboard json column" duration=3.4443ms
grafana-ages      | logger=migrator t=2025-06-24T03:09:28.633700125Z level=info msg="Executing migration" id="Change dashboard_encrypted column to MEDIUMBLOB"
grafana-ages      | logger=migrator t=2025-06-24T03:09:28.633728002Z level=info msg="Migration successfully executed" id="Change dashboard_encrypted column to MEDIUMBLOB" duration=34.791µs
grafana-ages      | logger=migrator t=2025-06-24T03:09:28.638780677Z level=info msg="Executing migration" id="create quota table v1"
grafana-ages      | logger=migrator t=2025-06-24T03:09:28.639391786Z level=info msg="Migration successfully executed" id="create quota table v1" duration=610.085µs
grafana-ages      | logger=migrator t=2025-06-24T03:09:28.646796726Z level=info msg="Executing migration" id="create index UQE_quota_org_id_user_id_target - v1"
grafana-ages      | logger=migrator t=2025-06-24T03:09:28.647638653Z level=info msg="Migration successfully executed" id="create index UQE_quota_org_id_user_id_target - v1" duration=897.155µs
grafana-ages      | logger=migrator t=2025-06-24T03:09:28.655084857Z level=info msg="Executing migration" id="Update quota table charset"
grafana-ages      | logger=migrator t=2025-06-24T03:09:28.655122916Z level=info msg="Migration successfully executed" id="Update quota table charset" duration=39.947µs
grafana-ages      | logger=migrator t=2025-06-24T03:09:28.659670748Z level=info msg="Executing migration" id="create plugin_setting table"
grafana-ages      | logger=migrator t=2025-06-24T03:09:28.661920175Z level=info msg="Migration successfully executed" id="create plugin_setting table" duration=2.250513ms
grafana-ages      | logger=migrator t=2025-06-24T03:09:28.669700014Z level=info msg="Executing migration" id="create index UQE_plugin_setting_org_id_plugin_id - v1"
grafana-ages      | logger=migrator t=2025-06-24T03:09:28.670652354Z level=info msg="Migration successfully executed" id="create index UQE_plugin_setting_org_id_plugin_id - v1" duration=951.049µs
grafana-ages      | logger=migrator t=2025-06-24T03:09:28.679311903Z level=info msg="Executing migration" id="Add column plugin_version to plugin_settings"
grafana-ages      | logger=migrator t=2025-06-24T03:09:28.682604337Z level=info msg="Migration successfully executed" id="Add column plugin_version to plugin_settings" duration=3.289265ms
grafana-ages      | logger=migrator t=2025-06-24T03:09:28.687184308Z level=info msg="Executing migration" id="Update plugin_setting table charset"
grafana-ages      | logger=migrator t=2025-06-24T03:09:28.687351183Z level=info msg="Migration successfully executed" id="Update plugin_setting table charset" duration=169.322µs
grafana-ages      | logger=migrator t=2025-06-24T03:09:28.695533749Z level=info msg="Executing migration" id="update NULL org_id to 1"
grafana-ages      | logger=migrator t=2025-06-24T03:09:28.696033756Z level=info msg="Migration successfully executed" id="update NULL org_id to 1" duration=500.22µs
grafana-ages      | logger=migrator t=2025-06-24T03:09:28.702808185Z level=info msg="Executing migration" id="make org_id NOT NULL and DEFAULT VALUE 1"
grafana-ages      | logger=migrator t=2025-06-24T03:09:28.71393431Z level=info msg="Migration successfully executed" id="make org_id NOT NULL and DEFAULT VALUE 1" duration=11.125278ms
grafana-ages      | logger=migrator t=2025-06-24T03:09:28.721853136Z level=info msg="Executing migration" id="create session table"
grafana-ages      | logger=migrator t=2025-06-24T03:09:28.722744716Z level=info msg="Migration successfully executed" id="create session table" duration=890.895µs
grafana-ages      | logger=migrator t=2025-06-24T03:09:28.731552274Z level=info msg="Executing migration" id="Drop old table playlist table"
grafana-ages      | logger=migrator t=2025-06-24T03:09:28.73172019Z level=info msg="Migration successfully executed" id="Drop old table playlist table" duration=169.584µs
grafana-ages      | logger=migrator t=2025-06-24T03:09:28.736741865Z level=info msg="Executing migration" id="Drop old table playlist_item table"
grafana-ages      | logger=migrator t=2025-06-24T03:09:28.736851201Z level=info msg="Migration successfully executed" id="Drop old table playlist_item table" duration=111.517µs
grafana-ages      | logger=migrator t=2025-06-24T03:09:28.74116664Z level=info msg="Executing migration" id="create playlist table v2"
grafana-ages      | logger=migrator t=2025-06-24T03:09:28.7419389Z level=info msg="Migration successfully executed" id="create playlist table v2" duration=771.258µs
grafana-ages      | logger=migrator t=2025-06-24T03:09:28.750641827Z level=info msg="Executing migration" id="create playlist item table v2"
grafana-ages      | logger=migrator t=2025-06-24T03:09:28.751670171Z level=info msg="Migration successfully executed" id="create playlist item table v2" duration=1.027008ms
grafana-ages      | logger=migrator t=2025-06-24T03:09:28.759222522Z level=info msg="Executing migration" id="Update playlist table charset"
grafana-ages      | logger=migrator t=2025-06-24T03:09:28.759267117Z level=info msg="Migration successfully executed" id="Update playlist table charset" duration=47.637µs
grafana-ages      | logger=migrator t=2025-06-24T03:09:28.768349638Z level=info msg="Executing migration" id="Update playlist_item table charset"
grafana-ages      | logger=migrator t=2025-06-24T03:09:28.768569608Z level=info msg="Migration successfully executed" id="Update playlist_item table charset" duration=222.101µs
grafana-ages      | logger=migrator t=2025-06-24T03:09:28.776806602Z level=info msg="Executing migration" id="Add playlist column created_at"
grafana-ages      | logger=migrator t=2025-06-24T03:09:28.780474772Z level=info msg="Migration successfully executed" id="Add playlist column created_at" duration=3.668935ms
grafana-ages      | logger=migrator t=2025-06-24T03:09:28.786005981Z level=info msg="Executing migration" id="Add playlist column updated_at"
grafana-ages      | logger=migrator t=2025-06-24T03:09:28.789083786Z level=info msg="Migration successfully executed" id="Add playlist column updated_at" duration=3.07762ms
grafana-ages      | logger=migrator t=2025-06-24T03:09:28.794874877Z level=info msg="Executing migration" id="drop preferences table v2"
grafana-ages      | logger=migrator t=2025-06-24T03:09:28.795000673Z level=info msg="Migration successfully executed" id="drop preferences table v2" duration=126.913µs
grafana-ages      | logger=migrator t=2025-06-24T03:09:28.802338909Z level=info msg="Executing migration" id="drop preferences table v3"
grafana-ages      | logger=migrator t=2025-06-24T03:09:28.802571555Z level=info msg="Migration successfully executed" id="drop preferences table v3" duration=232.375µs
grafana-ages      | logger=migrator t=2025-06-24T03:09:28.80761402Z level=info msg="Executing migration" id="create preferences table v3"
grafana-ages      | logger=migrator t=2025-06-24T03:09:28.808332889Z level=info msg="Migration successfully executed" id="create preferences table v3" duration=718.139µs
grafana-ages      | logger=migrator t=2025-06-24T03:09:28.816049812Z level=info msg="Executing migration" id="Update preferences table charset"
grafana-ages      | logger=migrator t=2025-06-24T03:09:28.816104263Z level=info msg="Migration successfully executed" id="Update preferences table charset" duration=55.902µs
grafana-ages      | logger=migrator t=2025-06-24T03:09:28.821196162Z level=info msg="Executing migration" id="Add column team_id in preferences"
grafana-ages      | logger=migrator t=2025-06-24T03:09:28.823598727Z level=info msg="Migration successfully executed" id="Add column team_id in preferences" duration=2.4009ms
grafana-ages      | logger=migrator t=2025-06-24T03:09:28.830019651Z level=info msg="Executing migration" id="Update team_id column values in preferences"
grafana-ages      | logger=migrator t=2025-06-24T03:09:28.830266632Z level=info msg="Migration successfully executed" id="Update team_id column values in preferences" duration=249.054µs
grafana-ages      | logger=migrator t=2025-06-24T03:09:28.838691676Z level=info msg="Executing migration" id="Add column week_start in preferences"
grafana-ages      | logger=migrator t=2025-06-24T03:09:28.84135039Z level=info msg="Migration successfully executed" id="Add column week_start in preferences" duration=2.651362ms
grafana-ages      | logger=migrator t=2025-06-24T03:09:28.8486065Z level=info msg="Executing migration" id="Add column preferences.json_data"
grafana-ages      | logger=migrator t=2025-06-24T03:09:28.851563836Z level=info msg="Migration successfully executed" id="Add column preferences.json_data" duration=2.957966ms
grafana-ages      | logger=migrator t=2025-06-24T03:09:28.857006284Z level=info msg="Executing migration" id="alter preferences.json_data to mediumtext v1"
grafana-ages      | logger=migrator t=2025-06-24T03:09:28.857025111Z level=info msg="Migration successfully executed" id="alter preferences.json_data to mediumtext v1" duration=37.275µs
grafana-ages      | logger=migrator t=2025-06-24T03:09:28.866909379Z level=info msg="Executing migration" id="Add preferences index org_id"
grafana-ages      | logger=migrator t=2025-06-24T03:09:28.867836537Z level=info msg="Migration successfully executed" id="Add preferences index org_id" duration=929.882µs
grafana-ages      | logger=migrator t=2025-06-24T03:09:28.876780637Z level=info msg="Executing migration" id="Add preferences index user_id"
grafana-ages      | logger=migrator t=2025-06-24T03:09:28.878062351Z level=info msg="Migration successfully executed" id="Add preferences index user_id" duration=1.279167ms
grafana-ages      | logger=migrator t=2025-06-24T03:09:28.885281476Z level=info msg="Executing migration" id="create alert table v1"
grafana-ages      | logger=migrator t=2025-06-24T03:09:28.886369958Z level=info msg="Migration successfully executed" id="create alert table v1" duration=1.108788ms
grafana-ages      | logger=migrator t=2025-06-24T03:09:28.893459269Z level=info msg="Executing migration" id="add index alert org_id & id "
grafana-ages      | logger=migrator t=2025-06-24T03:09:28.894825768Z level=info msg="Migration successfully executed" id="add index alert org_id & id " duration=1.365162ms
grafana-ages      | logger=migrator t=2025-06-24T03:09:28.903246746Z level=info msg="Executing migration" id="add index alert state"
grafana-ages      | logger=migrator t=2025-06-24T03:09:28.904031999Z level=info msg="Migration successfully executed" id="add index alert state" duration=783.256µs
grafana-ages      | logger=migrator t=2025-06-24T03:09:28.912759952Z level=info msg="Executing migration" id="add index alert dashboard_id"
grafana-ages      | logger=migrator t=2025-06-24T03:09:28.913538909Z level=info msg="Migration successfully executed" id="add index alert dashboard_id" duration=778.513µs
grafana-ages      | logger=migrator t=2025-06-24T03:09:28.922822287Z level=info msg="Executing migration" id="Create alert_rule_tag table v1"
grafana-ages      | logger=migrator t=2025-06-24T03:09:28.923538486Z level=info msg="Migration successfully executed" id="Create alert_rule_tag table v1" duration=716.072µs
grafana-ages      | logger=migrator t=2025-06-24T03:09:28.928292981Z level=info msg="Executing migration" id="Add unique index alert_rule_tag.alert_id_tag_id"
grafana-ages      | logger=migrator t=2025-06-24T03:09:28.92951789Z level=info msg="Migration successfully executed" id="Add unique index alert_rule_tag.alert_id_tag_id" duration=1.232531ms
grafana-ages      | logger=migrator t=2025-06-24T03:09:28.936579426Z level=info msg="Executing migration" id="drop index UQE_alert_rule_tag_alert_id_tag_id - v1"
grafana-ages      | logger=migrator t=2025-06-24T03:09:28.937291385Z level=info msg="Migration successfully executed" id="drop index UQE_alert_rule_tag_alert_id_tag_id - v1" duration=711.396µs
grafana-ages      | logger=migrator t=2025-06-24T03:09:28.945526925Z level=info msg="Executing migration" id="Rename table alert_rule_tag to alert_rule_tag_v1 - v1"
grafana-ages      | logger=migrator t=2025-06-24T03:09:28.952941698Z level=info msg="Migration successfully executed" id="Rename table alert_rule_tag to alert_rule_tag_v1 - v1" duration=7.416629ms
grafana-ages      | logger=migrator t=2025-06-24T03:09:28.960204589Z level=info msg="Executing migration" id="Create alert_rule_tag table v2"
grafana-ages      | logger=migrator t=2025-06-24T03:09:28.961215197Z level=info msg="Migration successfully executed" id="Create alert_rule_tag table v2" duration=1.008801ms
grafana-ages      | logger=migrator t=2025-06-24T03:09:28.967928823Z level=info msg="Executing migration" id="create index UQE_alert_rule_tag_alert_id_tag_id - Add unique index alert_rule_tag.alert_id_tag_id V2"
grafana-ages      | logger=migrator t=2025-06-24T03:09:28.969091589Z level=info msg="Migration successfully executed" id="create index UQE_alert_rule_tag_alert_id_tag_id - Add unique index alert_rule_tag.alert_id_tag_id V2" duration=1.160302ms
grafana-ages      | logger=migrator t=2025-06-24T03:09:28.972803915Z level=info msg="Executing migration" id="copy alert_rule_tag v1 to v2"
grafana-ages      | logger=migrator t=2025-06-24T03:09:28.973163436Z level=info msg="Migration successfully executed" id="copy alert_rule_tag v1 to v2" duration=359.399µs
grafana-ages      | logger=migrator t=2025-06-24T03:09:28.984630432Z level=info msg="Executing migration" id="drop table alert_rule_tag_v1"
grafana-ages      | logger=migrator t=2025-06-24T03:09:28.985332068Z level=info msg="Migration successfully executed" id="drop table alert_rule_tag_v1" duration=696.745µs
grafana-ages      | logger=migrator t=2025-06-24T03:09:28.989353261Z level=info msg="Executing migration" id="create alert_notification table v1"
grafana-ages      | logger=migrator t=2025-06-24T03:09:28.990499617Z level=info msg="Migration successfully executed" id="create alert_notification table v1" duration=1.145118ms
grafana-ages      | logger=migrator t=2025-06-24T03:09:28.998608748Z level=info msg="Executing migration" id="Add column is_default"
grafana-ages      | logger=migrator t=2025-06-24T03:09:29.002847154Z level=info msg="Migration successfully executed" id="Add column is_default" duration=4.256544ms
grafana-ages      | logger=migrator t=2025-06-24T03:09:29.008261829Z level=info msg="Executing migration" id="Add column frequency"
grafana-ages      | logger=migrator t=2025-06-24T03:09:29.013917529Z level=info msg="Migration successfully executed" id="Add column frequency" duration=5.654194ms
grafana-ages      | logger=migrator t=2025-06-24T03:09:29.020388093Z level=info msg="Executing migration" id="Add column send_reminder"
grafana-ages      | logger=migrator t=2025-06-24T03:09:29.023855021Z level=info msg="Migration successfully executed" id="Add column send_reminder" duration=3.465119ms
grafana-ages      | logger=migrator t=2025-06-24T03:09:29.035015174Z level=info msg="Executing migration" id="Add column disable_resolve_message"
grafana-ages      | logger=migrator t=2025-06-24T03:09:29.040222981Z level=info msg="Migration successfully executed" id="Add column disable_resolve_message" duration=5.210883ms
grafana-ages      | logger=migrator t=2025-06-24T03:09:29.056704404Z level=info msg="Executing migration" id="add index alert_notification org_id & name"
grafana-ages      | logger=migrator t=2025-06-24T03:09:29.057557066Z level=info msg="Migration successfully executed" id="add index alert_notification org_id & name" duration=851.053µs
grafana-ages      | logger=migrator t=2025-06-24T03:09:29.065224528Z level=info msg="Executing migration" id="Update alert table charset"
grafana-ages      | logger=migrator t=2025-06-24T03:09:29.065288599Z level=info msg="Migration successfully executed" id="Update alert table charset" duration=68.927µs
grafana-ages      | logger=migrator t=2025-06-24T03:09:29.070809138Z level=info msg="Executing migration" id="Update alert_notification table charset"
grafana-ages      | logger=migrator t=2025-06-24T03:09:29.070902181Z level=info msg="Migration successfully executed" id="Update alert_notification table charset" duration=95.259µs
grafana-ages      | logger=migrator t=2025-06-24T03:09:29.077317324Z level=info msg="Executing migration" id="create notification_journal table v1"
grafana-ages      | logger=migrator t=2025-06-24T03:09:29.079278509Z level=info msg="Migration successfully executed" id="create notification_journal table v1" duration=1.96139ms
grafana-ages      | logger=migrator t=2025-06-24T03:09:29.087651246Z level=info msg="Executing migration" id="add index notification_journal org_id & alert_id & notifier_id"
grafana-ages      | logger=migrator t=2025-06-24T03:09:29.08873746Z level=info msg="Migration successfully executed" id="add index notification_journal org_id & alert_id & notifier_id" duration=1.084728ms
grafana-ages      | logger=migrator t=2025-06-24T03:09:29.095291576Z level=info msg="Executing migration" id="drop alert_notification_journal"
grafana-ages      | logger=migrator t=2025-06-24T03:09:29.097659627Z level=info msg="Migration successfully executed" id="drop alert_notification_journal" duration=2.365393ms
grafana-ages      | logger=migrator t=2025-06-24T03:09:29.106011034Z level=info msg="Executing migration" id="create alert_notification_state table v1"
grafana-ages      | logger=migrator t=2025-06-24T03:09:29.106698447Z level=info msg="Migration successfully executed" id="create alert_notification_state table v1" duration=687.387µs
grafana-ages      | logger=migrator t=2025-06-24T03:09:29.116386415Z level=info msg="Executing migration" id="add index alert_notification_state org_id & alert_id & notifier_id"
grafana-ages      | logger=migrator t=2025-06-24T03:09:29.117702108Z level=info msg="Migration successfully executed" id="add index alert_notification_state org_id & alert_id & notifier_id" duration=1.315447ms
grafana-ages      | logger=migrator t=2025-06-24T03:09:29.123098445Z level=info msg="Executing migration" id="Add for to alert table"
grafana-ages      | logger=migrator t=2025-06-24T03:09:29.130080752Z level=info msg="Migration successfully executed" id="Add for to alert table" duration=6.980148ms
grafana-ages      | logger=migrator t=2025-06-24T03:09:29.13858074Z level=info msg="Executing migration" id="Add column uid in alert_notification"
grafana-ages      | logger=migrator t=2025-06-24T03:09:29.141594883Z level=info msg="Migration successfully executed" id="Add column uid in alert_notification" duration=3.013702ms
grafana-ages      | logger=migrator t=2025-06-24T03:09:29.151274489Z level=info msg="Executing migration" id="Update uid column values in alert_notification"
grafana-ages      | logger=migrator t=2025-06-24T03:09:29.151726922Z level=info msg="Migration successfully executed" id="Update uid column values in alert_notification" duration=473.576µs
grafana-ages      | logger=migrator t=2025-06-24T03:09:29.159495324Z level=info msg="Executing migration" id="Add unique index alert_notification_org_id_uid"
grafana-ages      | logger=migrator t=2025-06-24T03:09:29.161035166Z level=info msg="Migration successfully executed" id="Add unique index alert_notification_org_id_uid" duration=1.536844ms
grafana-ages      | logger=migrator t=2025-06-24T03:09:29.168151984Z level=info msg="Executing migration" id="Remove unique index org_id_name"
grafana-ages      | logger=migrator t=2025-06-24T03:09:29.16931955Z level=info msg="Migration successfully executed" id="Remove unique index org_id_name" duration=1.165795ms
grafana-ages      | logger=migrator t=2025-06-24T03:09:29.179443395Z level=info msg="Executing migration" id="Add column secure_settings in alert_notification"
grafana-ages      | logger=migrator t=2025-06-24T03:09:29.184099142Z level=info msg="Migration successfully executed" id="Add column secure_settings in alert_notification" duration=4.65288ms
grafana-ages      | logger=migrator t=2025-06-24T03:09:29.195753527Z level=info msg="Executing migration" id="alter alert.settings to mediumtext"
grafana-ages      | logger=migrator t=2025-06-24T03:09:29.195794866Z level=info msg="Migration successfully executed" id="alter alert.settings to mediumtext" duration=44.154µs
grafana-ages      | logger=migrator t=2025-06-24T03:09:29.200996351Z level=info msg="Executing migration" id="Add non-unique index alert_notification_state_alert_id"
grafana-ages      | logger=migrator t=2025-06-24T03:09:29.202235959Z level=info msg="Migration successfully executed" id="Add non-unique index alert_notification_state_alert_id" duration=1.239494ms
grafana-ages      | logger=migrator t=2025-06-24T03:09:29.206597722Z level=info msg="Executing migration" id="Add non-unique index alert_rule_tag_alert_id"
grafana-ages      | logger=migrator t=2025-06-24T03:09:29.207591266Z level=info msg="Migration successfully executed" id="Add non-unique index alert_rule_tag_alert_id" duration=992.827µs
grafana-ages      | logger=migrator t=2025-06-24T03:09:29.213246673Z level=info msg="Executing migration" id="Drop old annotation table v4"
grafana-ages      | logger=migrator t=2025-06-24T03:09:29.213367967Z level=info msg="Migration successfully executed" id="Drop old annotation table v4" duration=123.45µs
grafana-ages      | logger=migrator t=2025-06-24T03:09:29.220505354Z level=info msg="Executing migration" id="create annotation table v5"
grafana-ages      | logger=migrator t=2025-06-24T03:09:29.221570381Z level=info msg="Migration successfully executed" id="create annotation table v5" duration=1.06422ms
grafana-ages      | logger=migrator t=2025-06-24T03:09:29.225590239Z level=info msg="Executing migration" id="add index annotation 0 v3"
grafana-ages      | logger=migrator t=2025-06-24T03:09:29.227970263Z level=info msg="Migration successfully executed" id="add index annotation 0 v3" duration=2.373998ms
grafana-ages      | logger=migrator t=2025-06-24T03:09:29.234043918Z level=info msg="Executing migration" id="add index annotation 1 v3"
grafana-ages      | logger=migrator t=2025-06-24T03:09:29.23572116Z level=info msg="Migration successfully executed" id="add index annotation 1 v3" duration=1.677255ms
grafana-ages      | logger=migrator t=2025-06-24T03:09:29.24146969Z level=info msg="Executing migration" id="add index annotation 2 v3"
grafana-ages      | logger=migrator t=2025-06-24T03:09:29.24267215Z level=info msg="Migration successfully executed" id="add index annotation 2 v3" duration=1.201292ms
grafana-ages      | logger=migrator t=2025-06-24T03:09:29.248682782Z level=info msg="Executing migration" id="add index annotation 3 v3"
grafana-ages      | logger=migrator t=2025-06-24T03:09:29.24984758Z level=info msg="Migration successfully executed" id="add index annotation 3 v3" duration=1.164653ms
grafana-ages      | logger=migrator t=2025-06-24T03:09:29.25723931Z level=info msg="Executing migration" id="add index annotation 4 v3"
grafana-ages      | logger=migrator t=2025-06-24T03:09:29.258268212Z level=info msg="Migration successfully executed" id="add index annotation 4 v3" duration=1.029956ms
grafana-ages      | logger=migrator t=2025-06-24T03:09:29.264449754Z level=info msg="Executing migration" id="Update annotation table charset"
grafana-ages      | logger=migrator t=2025-06-24T03:09:29.264490945Z level=info msg="Migration successfully executed" id="Update annotation table charset" duration=43.346µs
grafana-ages      | logger=migrator t=2025-06-24T03:09:29.270809204Z level=info msg="Executing migration" id="Add column region_id to annotation table"
grafana-ages      | logger=migrator t=2025-06-24T03:09:29.273590951Z level=info msg="Migration successfully executed" id="Add column region_id to annotation table" duration=2.785317ms
grafana-ages      | logger=migrator t=2025-06-24T03:09:29.278539856Z level=info msg="Executing migration" id="Drop category_id index"
grafana-ages      | logger=migrator t=2025-06-24T03:09:29.280852432Z level=info msg="Migration successfully executed" id="Drop category_id index" duration=2.308974ms
grafana-ages      | logger=migrator t=2025-06-24T03:09:29.287652256Z level=info msg="Executing migration" id="Add column tags to annotation table"
grafana-ages      | logger=migrator t=2025-06-24T03:09:29.290483912Z level=info msg="Migration successfully executed" id="Add column tags to annotation table" duration=2.830554ms
grafana-ages      | logger=migrator t=2025-06-24T03:09:29.296563878Z level=info msg="Executing migration" id="Create annotation_tag table v2"
grafana-ages      | logger=migrator t=2025-06-24T03:09:29.297229832Z level=info msg="Migration successfully executed" id="Create annotation_tag table v2" duration=665.036µs
grafana-ages      | logger=migrator t=2025-06-24T03:09:29.302590602Z level=info msg="Executing migration" id="Add unique index annotation_tag.annotation_id_tag_id"
grafana-ages      | logger=migrator t=2025-06-24T03:09:29.303342277Z level=info msg="Migration successfully executed" id="Add unique index annotation_tag.annotation_id_tag_id" duration=752.434µs
grafana-ages      | logger=migrator t=2025-06-24T03:09:29.308402198Z level=info msg="Executing migration" id="drop index UQE_annotation_tag_annotation_id_tag_id - v2"
grafana-ages      | logger=migrator t=2025-06-24T03:09:29.309210392Z level=info msg="Migration successfully executed" id="drop index UQE_annotation_tag_annotation_id_tag_id - v2" duration=809.043µs
grafana-ages      | logger=migrator t=2025-06-24T03:09:29.317784605Z level=info msg="Executing migration" id="Rename table annotation_tag to annotation_tag_v2 - v2"
grafana-ages      | logger=migrator t=2025-06-24T03:09:29.325516378Z level=info msg="Migration successfully executed" id="Rename table annotation_tag to annotation_tag_v2 - v2" duration=7.730199ms
grafana-ages      | logger=migrator t=2025-06-24T03:09:29.333185367Z level=info msg="Executing migration" id="Create annotation_tag table v3"
grafana-ages      | logger=migrator t=2025-06-24T03:09:29.333855742Z level=info msg="Migration successfully executed" id="Create annotation_tag table v3" duration=669.495µs
grafana-ages      | logger=migrator t=2025-06-24T03:09:29.340054781Z level=info msg="Executing migration" id="create index UQE_annotation_tag_annotation_id_tag_id - Add unique index annotation_tag.annotation_id_tag_id V3"
grafana-ages      | logger=migrator t=2025-06-24T03:09:29.340816396Z level=info msg="Migration successfully executed" id="create index UQE_annotation_tag_annotation_id_tag_id - Add unique index annotation_tag.annotation_id_tag_id V3" duration=762.971µs
grafana-ages      | logger=migrator t=2025-06-24T03:09:29.346795447Z level=info msg="Executing migration" id="copy annotation_tag v2 to v3"
grafana-ages      | logger=migrator t=2025-06-24T03:09:29.347168943Z level=info msg="Migration successfully executed" id="copy annotation_tag v2 to v3" duration=370.65µs
grafana-ages      | logger=migrator t=2025-06-24T03:09:29.355229495Z level=info msg="Executing migration" id="drop table annotation_tag_v2"
grafana-ages      | logger=migrator t=2025-06-24T03:09:29.355838904Z level=info msg="Migration successfully executed" id="drop table annotation_tag_v2" duration=609.62µs
grafana-ages      | logger=migrator t=2025-06-24T03:09:29.361282639Z level=info msg="Executing migration" id="Update alert annotations and set TEXT to empty"
grafana-ages      | logger=migrator t=2025-06-24T03:09:29.361983952Z level=info msg="Migration successfully executed" id="Update alert annotations and set TEXT to empty" duration=705.488µs
grafana-ages      | logger=migrator t=2025-06-24T03:09:29.368266258Z level=info msg="Executing migration" id="Add created time to annotation table"
grafana-ages      | logger=migrator t=2025-06-24T03:09:29.372762505Z level=info msg="Migration successfully executed" id="Add created time to annotation table" duration=4.511239ms
grafana-ages      | logger=migrator t=2025-06-24T03:09:29.37981249Z level=info msg="Executing migration" id="Add updated time to annotation table"
grafana-ages      | logger=migrator t=2025-06-24T03:09:29.383083121Z level=info msg="Migration successfully executed" id="Add updated time to annotation table" duration=3.269928ms
grafana-ages      | logger=migrator t=2025-06-24T03:09:29.388691732Z level=info msg="Executing migration" id="Add index for created in annotation table"
grafana-ages      | logger=migrator t=2025-06-24T03:09:29.389451258Z level=info msg="Migration successfully executed" id="Add index for created in annotation table" duration=759.895µs
grafana-ages      | logger=migrator t=2025-06-24T03:09:29.394863902Z level=info msg="Executing migration" id="Add index for updated in annotation table"
grafana-ages      | logger=migrator t=2025-06-24T03:09:29.396183384Z level=info msg="Migration successfully executed" id="Add index for updated in annotation table" duration=1.313973ms
grafana-ages      | logger=migrator t=2025-06-24T03:09:29.402216737Z level=info msg="Executing migration" id="Convert existing annotations from seconds to milliseconds"
grafana-ages      | logger=migrator t=2025-06-24T03:09:29.402525851Z level=info msg="Migration successfully executed" id="Convert existing annotations from seconds to milliseconds" duration=330.772µs
grafana-ages      | logger=migrator t=2025-06-24T03:09:29.408244781Z level=info msg="Executing migration" id="Add epoch_end column"
grafana-ages      | logger=migrator t=2025-06-24T03:09:29.412021089Z level=info msg="Migration successfully executed" id="Add epoch_end column" duration=3.792265ms
grafana-ages      | logger=migrator t=2025-06-24T03:09:29.417570149Z level=info msg="Executing migration" id="Add index for epoch_end"
grafana-ages      | logger=migrator t=2025-06-24T03:09:29.418273795Z level=info msg="Migration successfully executed" id="Add index for epoch_end" duration=703.535µs
grafana-ages      | logger=migrator t=2025-06-24T03:09:29.423991179Z level=info msg="Executing migration" id="Make epoch_end the same as epoch"
grafana-ages      | logger=migrator t=2025-06-24T03:09:29.424202909Z level=info msg="Migration successfully executed" id="Make epoch_end the same as epoch" duration=212.884µs
grafana-ages      | logger=migrator t=2025-06-24T03:09:29.430408615Z level=info msg="Executing migration" id="Move region to single row"
grafana-ages      | logger=migrator t=2025-06-24T03:09:29.430804663Z level=info msg="Migration successfully executed" id="Move region to single row" duration=413.922µs
grafana-ages      | logger=migrator t=2025-06-24T03:09:29.436547476Z level=info msg="Executing migration" id="Remove index org_id_epoch from annotation table"
grafana-ages      | logger=migrator t=2025-06-24T03:09:29.437338051Z level=info msg="Migration successfully executed" id="Remove index org_id_epoch from annotation table" duration=793.285µs
grafana-ages      | logger=migrator t=2025-06-24T03:09:29.446096243Z level=info msg="Executing migration" id="Remove index org_id_dashboard_id_panel_id_epoch from annotation table"
grafana-ages      | logger=migrator t=2025-06-24T03:09:29.447128171Z level=info msg="Migration successfully executed" id="Remove index org_id_dashboard_id_panel_id_epoch from annotation table" duration=1.031931ms
grafana-ages      | logger=migrator t=2025-06-24T03:09:29.453145452Z level=info msg="Executing migration" id="Add index for org_id_dashboard_id_epoch_end_epoch on annotation table"
grafana-ages      | logger=migrator t=2025-06-24T03:09:29.454042964Z level=info msg="Migration successfully executed" id="Add index for org_id_dashboard_id_epoch_end_epoch on annotation table" duration=898.468µs
grafana-ages      | logger=migrator t=2025-06-24T03:09:29.45997254Z level=info msg="Executing migration" id="Add index for org_id_epoch_end_epoch on annotation table"
grafana-ages      | logger=migrator t=2025-06-24T03:09:29.461099836Z level=info msg="Migration successfully executed" id="Add index for org_id_epoch_end_epoch on annotation table" duration=1.125176ms
grafana-ages      | logger=migrator t=2025-06-24T03:09:29.466713722Z level=info msg="Executing migration" id="Remove index org_id_epoch_epoch_end from annotation table"
grafana-ages      | logger=migrator t=2025-06-24T03:09:29.467445111Z level=info msg="Migration successfully executed" id="Remove index org_id_epoch_epoch_end from annotation table" duration=732.099µs
grafana-ages      | logger=migrator t=2025-06-24T03:09:29.472959356Z level=info msg="Executing migration" id="Add index for alert_id on annotation table"
grafana-ages      | logger=migrator t=2025-06-24T03:09:29.473674061Z level=info msg="Migration successfully executed" id="Add index for alert_id on annotation table" duration=715.828µs
grafana-ages      | logger=migrator t=2025-06-24T03:09:29.479422641Z level=info msg="Executing migration" id="Increase tags column to length 4096"
grafana-ages      | logger=migrator t=2025-06-24T03:09:29.479447384Z level=info msg="Migration successfully executed" id="Increase tags column to length 4096" duration=35.749µs
grafana-ages      | logger=migrator t=2025-06-24T03:09:29.487354648Z level=info msg="Executing migration" id="Increase prev_state column to length 40 not null"
grafana-ages      | logger=migrator t=2025-06-24T03:09:29.487377702Z level=info msg="Migration successfully executed" id="Increase prev_state column to length 40 not null" duration=25.048µs
grafana-ages      | logger=migrator t=2025-06-24T03:09:29.493994976Z level=info msg="Executing migration" id="Increase new_state column to length 40 not null"
grafana-ages      | logger=migrator t=2025-06-24T03:09:29.494021461Z level=info msg="Migration successfully executed" id="Increase new_state column to length 40 not null" duration=28.217µs
grafana-ages      | logger=migrator t=2025-06-24T03:09:29.501313884Z level=info msg="Executing migration" id="create test_data table"
grafana-ages      | logger=migrator t=2025-06-24T03:09:29.50219796Z level=info msg="Migration successfully executed" id="create test_data table" duration=883.969µs
grafana-ages      | logger=migrator t=2025-06-24T03:09:29.507976897Z level=info msg="Executing migration" id="create dashboard_version table v1"
grafana-ages      | logger=migrator t=2025-06-24T03:09:29.508860605Z level=info msg="Migration successfully executed" id="create dashboard_version table v1" duration=883.915µs
grafana-ages      | logger=migrator t=2025-06-24T03:09:29.515772889Z level=info msg="Executing migration" id="add index dashboard_version.dashboard_id"
grafana-ages      | logger=migrator t=2025-06-24T03:09:29.516516421Z level=info msg="Migration successfully executed" id="add index dashboard_version.dashboard_id" duration=743.797µs
grafana-ages      | logger=migrator t=2025-06-24T03:09:29.522172853Z level=info msg="Executing migration" id="add unique index dashboard_version.dashboard_id and dashboard_version.version"
grafana-ages      | logger=migrator t=2025-06-24T03:09:29.522900246Z level=info msg="Migration successfully executed" id="add unique index dashboard_version.dashboard_id and dashboard_version.version" duration=727.632µs
grafana-ages      | logger=migrator t=2025-06-24T03:09:29.529215828Z level=info msg="Executing migration" id="Set dashboard version to 1 where 0"
grafana-ages      | logger=migrator t=2025-06-24T03:09:29.529467956Z level=info msg="Migration successfully executed" id="Set dashboard version to 1 where 0" duration=237.518µs
grafana-ages      | logger=migrator t=2025-06-24T03:09:29.535194923Z level=info msg="Executing migration" id="save existing dashboard data in dashboard_version table v1"
grafana-ages      | logger=migrator t=2025-06-24T03:09:29.535564254Z level=info msg="Migration successfully executed" id="save existing dashboard data in dashboard_version table v1" duration=372.518µs
grafana-ages      | logger=migrator t=2025-06-24T03:09:29.542013169Z level=info msg="Executing migration" id="alter dashboard_version.data to mediumtext v1"
grafana-ages      | logger=migrator t=2025-06-24T03:09:29.542037676Z level=info msg="Migration successfully executed" id="alter dashboard_version.data to mediumtext v1" duration=26.978µs
grafana-ages      | logger=migrator t=2025-06-24T03:09:29.550805513Z level=info msg="Executing migration" id="Add apiVersion for dashboard_version"
grafana-ages      | logger=migrator t=2025-06-24T03:09:29.55480011Z level=info msg="Migration successfully executed" id="Add apiVersion for dashboard_version" duration=3.994202ms
grafana-ages      | logger=migrator t=2025-06-24T03:09:29.558441507Z level=info msg="Executing migration" id="create team table"
grafana-ages      | logger=migrator t=2025-06-24T03:09:29.559051446Z level=info msg="Migration successfully executed" id="create team table" duration=610.006µs
grafana-ages      | logger=migrator t=2025-06-24T03:09:29.564927701Z level=info msg="Executing migration" id="add index team.org_id"
grafana-ages      | logger=migrator t=2025-06-24T03:09:29.566097974Z level=info msg="Migration successfully executed" id="add index team.org_id" duration=1.169006ms
db-mongo-ages     | 2025-06-24T03:09:25.891+0000 I STORAGE  [initandlisten] wiredtiger_open config: create,cache_size=15493M,cache_overflow=(file_max=0M),session_max=20000,eviction=(threads_min=4,threads_max=4),config_base=false,statistics=(fast),compatibility=(release="3.0",require_max="3.0"),log=(enabled=true,archive=true,path=journal,compressor=snappy),file_manager=(close_idle_time=100000),statistics_log=(wait=0),verbose=(recovery_progress),
db-mongo-ages     | 2025-06-24T03:09:26.524+0000 I STORAGE  [initandlisten] WiredTiger message [1750734566:524969][1:0x72ab3c874a40], txn-recover: Set global recovery timestamp: 0
db-mongo-ages     | 2025-06-24T03:09:26.567+0000 I CONTROL  [initandlisten] 
db-mongo-ages     | 2025-06-24T03:09:26.567+0000 I CONTROL  [initandlisten] ** WARNING: Access control is not enabled for the database.
db-mongo-ages     | 2025-06-24T03:09:26.567+0000 I CONTROL  [initandlisten] **          Read and write access to data and configuration is unrestricted.
db-mongo-ages     | 2025-06-24T03:09:26.567+0000 I CONTROL  [initandlisten] 
db-mongo-ages     | 2025-06-24T03:09:26.568+0000 I STORAGE  [initandlisten] createCollection: admin.system.version with provided UUID: 05f0fc5d-40a6-4095-ba47-4d7881ff2537
db-mongo-ages     | 2025-06-24T03:09:26.603+0000 I COMMAND  [initandlisten] setting featureCompatibilityVersion to 3.6
db-mongo-ages     | 2025-06-24T03:09:26.603+0000 I STORAGE  [initandlisten] createCollection: local.startup_log with generated UUID: 00c481d1-3cb9-4a75-ae05-38356babc5db
db-mongo-ages     | 2025-06-24T03:09:26.621+0000 I FTDC     [initandlisten] Initializing full-time diagnostic data capture with directory '/data/db/diagnostic.data'
db-mongo-ages     | 2025-06-24T03:09:26.621+0000 I NETWORK  [initandlisten] listening via socket bound to 0.0.0.0
db-mongo-ages     | 2025-06-24T03:09:26.621+0000 I NETWORK  [initandlisten] listening via socket bound to /tmp/mongodb-27017.sock
db-mongo-ages     | 2025-06-24T03:09:26.621+0000 I NETWORK  [initandlisten] waiting for connections on port 27017
db-mongo-ages     | 2025-06-24T03:09:26.621+0000 I STORAGE  [LogicalSessionCacheRefresh] createCollection: config.system.sessions with generated UUID: b8430d31-f99e-475f-8229-313d61dc46b0
db-mongo-ages     | 2025-06-24T03:09:26.664+0000 I INDEX    [LogicalSessionCacheRefresh] build index on: config.system.sessions properties: { v: 2, key: { lastUse: 1 }, name: "lsidTTLIndex", ns: "config.system.sessions", expireAfterSeconds: 1800 }
db-mongo-ages     | 2025-06-24T03:09:26.664+0000 I INDEX    [LogicalSessionCacheRefresh] 	 building index using bulk method; build may temporarily use up to 500 megabytes of RAM
db-mongo-ages     | 2025-06-24T03:09:26.666+0000 I INDEX    [LogicalSessionCacheRefresh] build index done.  scanned 0 total records. 0 secs
db-mongo-ages     | 2025-06-24T03:09:26.819+0000 I NETWORK  [listener] connection accepted from 172.21.0.6:50668 #1 (1 connection now open)
db-mongo-ages     | 2025-06-24T03:09:26.820+0000 I NETWORK  [conn1] received client metadata from 172.21.0.6:50668 conn1: { driver: { name: "mongoc", version: "1.24.2" }, os: { type: "Linux", name: "Red Hat Enterprise Linux", version: "8.10", architecture: "x86_64" }, platform: "cfg=0x02a156a8e9 posix=200809 stdc=199901 CC=GCC 8.5.0 20210514 (Red Hat 8.5.0-26) CFLAGS="" LDFLAGS=""" }
db-mongo-ages     | 2025-06-24T03:09:26.826+0000 I NETWORK  [listener] connection accepted from 172.21.0.6:50676 #2 (2 connections now open)
db-mongo-ages     | 2025-06-24T03:09:26.827+0000 I NETWORK  [conn2] received client metadata from 172.21.0.6:50676 conn2: { driver: { name: "mongoc", version: "1.24.2" }, os: { type: "Linux", name: "Red Hat Enterprise Linux", version: "8.10", architecture: "x86_64" }, platform: "cfg=0x02a156a8e9 posix=200809 stdc=199901 CC=GCC 8.5.0 20210514 (Red Hat 8.5.0-26) CFLAGS="" LDFLAGS=""" }
db-mongo-ages     | 2025-06-24T03:09:26.832+0000 I STORAGE  [conn2] createCollection: orion.entities with generated UUID: 56319d29-cf16-4e9e-9658-2b4712d6cfb8
db-mongo-ages     | 2025-06-24T03:09:26.860+0000 I INDEX    [conn2] build index on: orion.entities properties: { v: 2, key: { _id.id: 1 }, name: "_id.id_1", ns: "orion.entities" }
db-mongo-ages     | 2025-06-24T03:09:26.860+0000 I INDEX    [conn2] 	 building index using bulk method; build may temporarily use up to 500 megabytes of RAM
db-mongo-ages     | 2025-06-24T03:09:26.861+0000 I INDEX    [conn2] build index done.  scanned 0 total records. 0 secs
db-mongo-ages     | 2025-06-24T03:09:27.940+0000 I STORAGE  [conn2] createCollection: orionld.contexts with generated UUID: 4e79e124-fc2b-478d-a517-727a76b45092
db-mongo-ages     | 2025-06-24T03:09:27.955+0000 I NETWORK  [listener] connection accepted from 172.21.0.6:50680 #3 (3 connections now open)
db-mongo-ages     | 2025-06-24T03:09:27.955+0000 I NETWORK  [listener] connection accepted from 172.21.0.6:50690 #4 (4 connections now open)
db-mongo-ages     | 2025-06-24T03:09:27.956+0000 I NETWORK  [listener] connection accepted from 172.21.0.6:50702 #5 (5 connections now open)
db-mongo-ages     | 2025-06-24T03:09:27.957+0000 I NETWORK  [listener] connection accepted from 172.21.0.6:50706 #6 (6 connections now open)
db-mongo-ages     | 2025-06-24T03:09:27.960+0000 I NETWORK  [listener] connection accepted from 172.21.0.6:50718 #7 (7 connections now open)
db-mongo-ages     | 2025-06-24T03:09:27.963+0000 I NETWORK  [listener] connection accepted from 172.21.0.6:50732 #8 (8 connections now open)
db-mongo-ages     | 2025-06-24T03:09:27.966+0000 I NETWORK  [listener] connection accepted from 172.21.0.6:50736 #9 (9 connections now open)
db-mongo-ages     | 2025-06-24T03:09:27.967+0000 I NETWORK  [listener] connection accepted from 172.21.0.6:50738 #10 (10 connections now open)
db-mongo-ages     | 2025-06-24T03:09:27.968+0000 I NETWORK  [listener] connection accepted from 172.21.0.6:50750 #11 (11 connections now open)
db-mongo-ages     | 2025-06-24T03:09:27.969+0000 I NETWORK  [listener] connection accepted from 172.21.0.6:50758 #12 (12 connections now open)
db-mongo-ages     | 2025-06-24T03:09:27.981+0000 I INDEX    [conn3] build index on: orion.entities properties: { v: 2, key: { location.coords: "2dsphere" }, name: "location.coords_2dsphere", ns: "orion.entities", 2dsphereIndexVersion: 3 }
db-mongo-ages     | 2025-06-24T03:09:27.981+0000 I INDEX    [conn3] 	 building index using bulk method; build may temporarily use up to 500 megabytes of RAM
db-mongo-ages     | 2025-06-24T03:09:27.984+0000 I INDEX    [conn3] build index done.  scanned 0 total records. 0 secs
db-mongo-ages     | 2025-06-24T03:09:27.996+0000 I INDEX    [conn3] build index on: orion.entities properties: { v: 2, key: { expDate: 1 }, name: "expDate_1", ns: "orion.entities", expireAfterSeconds: 0 }
db-mongo-ages     | 2025-06-24T03:09:27.996+0000 I INDEX    [conn3] 	 building index using bulk method; build may temporarily use up to 500 megabytes of RAM
db-mongo-ages     | 2025-06-24T03:09:27.997+0000 I INDEX    [conn3] build index done.  scanned 0 total records. 0 secs
grafana-ages      | logger=migrator t=2025-06-24T03:09:29.571583356Z level=info msg="Executing migration" id="add unique index team_org_id_name"
grafana-ages      | logger=migrator t=2025-06-24T03:09:29.572548534Z level=info msg="Migration successfully executed" id="add unique index team_org_id_name" duration=966.787µs
grafana-ages      | logger=migrator t=2025-06-24T03:09:29.578038988Z level=info msg="Executing migration" id="Add column uid in team"
grafana-ages      | logger=migrator t=2025-06-24T03:09:29.582301136Z level=info msg="Migration successfully executed" id="Add column uid in team" duration=4.261717ms
grafana-ages      | logger=migrator t=2025-06-24T03:09:29.589659847Z level=info msg="Executing migration" id="Update uid column values in team"
grafana-ages      | logger=migrator t=2025-06-24T03:09:29.589833865Z level=info msg="Migration successfully executed" id="Update uid column values in team" duration=174.819µs
grafana-ages      | logger=migrator t=2025-06-24T03:09:29.596092544Z level=info msg="Executing migration" id="Add unique index team_org_id_uid"
grafana-ages      | logger=migrator t=2025-06-24T03:09:29.597176211Z level=info msg="Migration successfully executed" id="Add unique index team_org_id_uid" duration=1.081498ms
grafana-ages      | logger=migrator t=2025-06-24T03:09:29.602626704Z level=info msg="Executing migration" id="Add column external_uid in team"
grafana-ages      | logger=migrator t=2025-06-24T03:09:29.607094381Z level=info msg="Migration successfully executed" id="Add column external_uid in team" duration=4.466553ms
grafana-ages      | logger=migrator t=2025-06-24T03:09:29.613776806Z level=info msg="Executing migration" id="Add column is_provisioned in team"
grafana-ages      | logger=migrator t=2025-06-24T03:09:29.617183834Z level=info msg="Migration successfully executed" id="Add column is_provisioned in team" duration=3.407268ms
grafana-ages      | logger=migrator t=2025-06-24T03:09:29.622366429Z level=info msg="Executing migration" id="create team member table"
grafana-ages      | logger=migrator t=2025-06-24T03:09:29.623258062Z level=info msg="Migration successfully executed" id="create team member table" duration=891.279µs
grafana-ages      | logger=migrator t=2025-06-24T03:09:29.6294369Z level=info msg="Executing migration" id="add index team_member.org_id"
grafana-ages      | logger=migrator t=2025-06-24T03:09:29.630822789Z level=info msg="Migration successfully executed" id="add index team_member.org_id" duration=1.384028ms
grafana-ages      | logger=migrator t=2025-06-24T03:09:29.636540778Z level=info msg="Executing migration" id="add unique index team_member_org_id_team_id_user_id"
grafana-ages      | logger=migrator t=2025-06-24T03:09:29.63764289Z level=info msg="Migration successfully executed" id="add unique index team_member_org_id_team_id_user_id" duration=1.101158ms
grafana-ages      | logger=migrator t=2025-06-24T03:09:29.643042205Z level=info msg="Executing migration" id="add index team_member.team_id"
grafana-ages      | logger=migrator t=2025-06-24T03:09:29.644340106Z level=info msg="Migration successfully executed" id="add index team_member.team_id" duration=1.292504ms
grafana-ages      | logger=migrator t=2025-06-24T03:09:29.650519666Z level=info msg="Executing migration" id="Add column email to team table"
grafana-ages      | logger=migrator t=2025-06-24T03:09:29.655326492Z level=info msg="Migration successfully executed" id="Add column email to team table" duration=4.826164ms
grafana-ages      | logger=migrator t=2025-06-24T03:09:29.660762943Z level=info msg="Executing migration" id="Add column external to team_member table"
grafana-ages      | logger=migrator t=2025-06-24T03:09:29.667090131Z level=info msg="Migration successfully executed" id="Add column external to team_member table" duration=6.326387ms
grafana-ages      | logger=migrator t=2025-06-24T03:09:29.67444454Z level=info msg="Executing migration" id="Add column permission to team_member table"
grafana-ages      | logger=migrator t=2025-06-24T03:09:29.678852774Z level=info msg="Migration successfully executed" id="Add column permission to team_member table" duration=4.40548ms
grafana-ages      | logger=migrator t=2025-06-24T03:09:29.68461373Z level=info msg="Executing migration" id="add unique index team_member_user_id_org_id"
grafana-ages      | logger=migrator t=2025-06-24T03:09:29.68582738Z level=info msg="Migration successfully executed" id="add unique index team_member_user_id_org_id" duration=1.211538ms
grafana-ages      | logger=migrator t=2025-06-24T03:09:29.689855614Z level=info msg="Executing migration" id="create dashboard acl table"
grafana-ages      | logger=migrator t=2025-06-24T03:09:29.690829454Z level=info msg="Migration successfully executed" id="create dashboard acl table" duration=972.556µs
grafana-ages      | logger=migrator t=2025-06-24T03:09:29.6964864Z level=info msg="Executing migration" id="add index dashboard_acl_dashboard_id"
grafana-ages      | logger=migrator t=2025-06-24T03:09:29.697605574Z level=info msg="Migration successfully executed" id="add index dashboard_acl_dashboard_id" duration=1.118983ms
grafana-ages      | logger=migrator t=2025-06-24T03:09:29.701549615Z level=info msg="Executing migration" id="add unique index dashboard_acl_dashboard_id_user_id"
grafana-ages      | logger=migrator t=2025-06-24T03:09:29.702492678Z level=info msg="Migration successfully executed" id="add unique index dashboard_acl_dashboard_id_user_id" duration=963.557µs
grafana-ages      | logger=migrator t=2025-06-24T03:09:29.706318569Z level=info msg="Executing migration" id="add unique index dashboard_acl_dashboard_id_team_id"
grafana-ages      | logger=migrator t=2025-06-24T03:09:29.707214901Z level=info msg="Migration successfully executed" id="add unique index dashboard_acl_dashboard_id_team_id" duration=895.819µs
grafana-ages      | logger=migrator t=2025-06-24T03:09:29.71112824Z level=info msg="Executing migration" id="add index dashboard_acl_user_id"
grafana-ages      | logger=migrator t=2025-06-24T03:09:29.712615743Z level=info msg="Migration successfully executed" id="add index dashboard_acl_user_id" duration=1.486468ms
grafana-ages      | logger=migrator t=2025-06-24T03:09:29.716633029Z level=info msg="Executing migration" id="add index dashboard_acl_team_id"
grafana-ages      | logger=migrator t=2025-06-24T03:09:29.717740238Z level=info msg="Migration successfully executed" id="add index dashboard_acl_team_id" duration=1.107854ms
grafana-ages      | logger=migrator t=2025-06-24T03:09:29.72168991Z level=info msg="Executing migration" id="add index dashboard_acl_org_id_role"
grafana-ages      | logger=migrator t=2025-06-24T03:09:29.722653944Z level=info msg="Migration successfully executed" id="add index dashboard_acl_org_id_role" duration=981.675µs
grafana-ages      | logger=migrator t=2025-06-24T03:09:29.726575761Z level=info msg="Executing migration" id="add index dashboard_permission"
grafana-ages      | logger=migrator t=2025-06-24T03:09:29.728294515Z level=info msg="Migration successfully executed" id="add index dashboard_permission" duration=1.711067ms
grafana-ages      | logger=migrator t=2025-06-24T03:09:29.732688414Z level=info msg="Executing migration" id="save default acl rules in dashboard_acl table"
grafana-ages      | logger=migrator t=2025-06-24T03:09:29.733283549Z level=info msg="Migration successfully executed" id="save default acl rules in dashboard_acl table" duration=593.831µs
grafana-ages      | logger=migrator t=2025-06-24T03:09:29.737368377Z level=info msg="Executing migration" id="delete acl rules for deleted dashboards and folders"
grafana-ages      | logger=migrator t=2025-06-24T03:09:29.73762149Z level=info msg="Migration successfully executed" id="delete acl rules for deleted dashboards and folders" duration=254.161µs
grafana-ages      | logger=migrator t=2025-06-24T03:09:29.741183421Z level=info msg="Executing migration" id="create tag table"
grafana-ages      | logger=migrator t=2025-06-24T03:09:29.741796884Z level=info msg="Migration successfully executed" id="create tag table" duration=611.251µs
grafana-ages      | logger=migrator t=2025-06-24T03:09:29.746056786Z level=info msg="Executing migration" id="add index tag.key_value"
grafana-ages      | logger=migrator t=2025-06-24T03:09:29.747162569Z level=info msg="Migration successfully executed" id="add index tag.key_value" duration=1.104521ms
grafana-ages      | logger=migrator t=2025-06-24T03:09:29.750986024Z level=info msg="Executing migration" id="create login attempt table"
grafana-ages      | logger=migrator t=2025-06-24T03:09:29.751741858Z level=info msg="Migration successfully executed" id="create login attempt table" duration=755.488µs
grafana-ages      | logger=migrator t=2025-06-24T03:09:29.755571339Z level=info msg="Executing migration" id="add index login_attempt.username"
grafana-ages      | logger=migrator t=2025-06-24T03:09:29.75638931Z level=info msg="Migration successfully executed" id="add index login_attempt.username" duration=836.719µs
grafana-ages      | logger=migrator t=2025-06-24T03:09:29.760474088Z level=info msg="Executing migration" id="drop index IDX_login_attempt_username - v1"
grafana-ages      | logger=migrator t=2025-06-24T03:09:29.761783747Z level=info msg="Migration successfully executed" id="drop index IDX_login_attempt_username - v1" duration=1.292921ms
grafana-ages      | logger=migrator t=2025-06-24T03:09:29.765618709Z level=info msg="Executing migration" id="Rename table login_attempt to login_attempt_tmp_qwerty - v1"
grafana-ages      | logger=migrator t=2025-06-24T03:09:29.775406352Z level=info msg="Migration successfully executed" id="Rename table login_attempt to login_attempt_tmp_qwerty - v1" duration=9.78684ms
grafana-ages      | logger=migrator t=2025-06-24T03:09:29.779063764Z level=info msg="Executing migration" id="create login_attempt v2"
grafana-ages      | logger=migrator t=2025-06-24T03:09:29.779882774Z level=info msg="Migration successfully executed" id="create login_attempt v2" duration=818.886µs
grafana-ages      | logger=migrator t=2025-06-24T03:09:29.78355939Z level=info msg="Executing migration" id="create index IDX_login_attempt_username - v2"
grafana-ages      | logger=migrator t=2025-06-24T03:09:29.784361245Z level=info msg="Migration successfully executed" id="create index IDX_login_attempt_username - v2" duration=802.726µs
grafana-ages      | logger=migrator t=2025-06-24T03:09:29.788297206Z level=info msg="Executing migration" id="copy login_attempt v1 to v2"
grafana-ages      | logger=migrator t=2025-06-24T03:09:29.788622182Z level=info msg="Migration successfully executed" id="copy login_attempt v1 to v2" duration=344.021µs
grafana-ages      | logger=migrator t=2025-06-24T03:09:29.792132311Z level=info msg="Executing migration" id="drop login_attempt_tmp_qwerty"
grafana-ages      | logger=migrator t=2025-06-24T03:09:29.79270985Z level=info msg="Migration successfully executed" id="drop login_attempt_tmp_qwerty" duration=577.469µs
grafana-ages      | logger=migrator t=2025-06-24T03:09:29.796693314Z level=info msg="Executing migration" id="create user auth table"
grafana-ages      | logger=migrator t=2025-06-24T03:09:29.797365459Z level=info msg="Migration successfully executed" id="create user auth table" duration=672.945µs
grafana-ages      | logger=migrator t=2025-06-24T03:09:29.802790065Z level=info msg="Executing migration" id="create index IDX_user_auth_auth_module_auth_id - v1"
grafana-ages      | logger=migrator t=2025-06-24T03:09:29.803954151Z level=info msg="Migration successfully executed" id="create index IDX_user_auth_auth_module_auth_id - v1" duration=1.15777ms
grafana-ages      | logger=migrator t=2025-06-24T03:09:29.807748799Z level=info msg="Executing migration" id="alter user_auth.auth_id to length 190"
grafana-ages      | logger=migrator t=2025-06-24T03:09:29.807779462Z level=info msg="Migration successfully executed" id="alter user_auth.auth_id to length 190" duration=32.674µs
grafana-ages      | logger=migrator t=2025-06-24T03:09:29.81418142Z level=info msg="Executing migration" id="Add OAuth access token to user_auth"
grafana-ages      | logger=migrator t=2025-06-24T03:09:29.818566046Z level=info msg="Migration successfully executed" id="Add OAuth access token to user_auth" duration=4.385186ms
grafana-ages      | logger=migrator t=2025-06-24T03:09:29.822463271Z level=info msg="Executing migration" id="Add OAuth refresh token to user_auth"
grafana-ages      | logger=migrator t=2025-06-24T03:09:29.82640937Z level=info msg="Migration successfully executed" id="Add OAuth refresh token to user_auth" duration=3.945247ms
grafana-ages      | logger=migrator t=2025-06-24T03:09:29.831446756Z level=info msg="Executing migration" id="Add OAuth token type to user_auth"
grafana-ages      | logger=migrator t=2025-06-24T03:09:29.835372193Z level=info msg="Migration successfully executed" id="Add OAuth token type to user_auth" duration=3.956284ms
grafana-ages      | logger=migrator t=2025-06-24T03:09:29.83921727Z level=info msg="Executing migration" id="Add OAuth expiry to user_auth"
grafana-ages      | logger=migrator t=2025-06-24T03:09:29.842951369Z level=info msg="Migration successfully executed" id="Add OAuth expiry to user_auth" duration=3.73316ms
grafana-ages      | logger=migrator t=2025-06-24T03:09:29.847967948Z level=info msg="Executing migration" id="Add index to user_id column in user_auth"
grafana-ages      | logger=migrator t=2025-06-24T03:09:29.848878107Z level=info msg="Migration successfully executed" id="Add index to user_id column in user_auth" duration=911.935µs
grafana-ages      | logger=migrator t=2025-06-24T03:09:29.8530338Z level=info msg="Executing migration" id="Add OAuth ID token to user_auth"
grafana-ages      | logger=migrator t=2025-06-24T03:09:29.856695546Z level=info msg="Migration successfully executed" id="Add OAuth ID token to user_auth" duration=3.681738ms
grafana-ages      | logger=migrator t=2025-06-24T03:09:29.860348621Z level=info msg="Executing migration" id="Add user_unique_id to user_auth"
grafana-ages      | logger=migrator t=2025-06-24T03:09:29.865279659Z level=info msg="Migration successfully executed" id="Add user_unique_id to user_auth" duration=4.93083ms
grafana-ages      | logger=migrator t=2025-06-24T03:09:29.869534834Z level=info msg="Executing migration" id="create server_lock table"
grafana-ages      | logger=migrator t=2025-06-24T03:09:29.870194517Z level=info msg="Migration successfully executed" id="create server_lock table" duration=659.576µs
grafana-ages      | logger=migrator t=2025-06-24T03:09:29.87545107Z level=info msg="Executing migration" id="add index server_lock.operation_uid"
grafana-ages      | logger=migrator t=2025-06-24T03:09:29.876361414Z level=info msg="Migration successfully executed" id="add index server_lock.operation_uid" duration=946.005µs
grafana-ages      | logger=migrator t=2025-06-24T03:09:29.88070846Z level=info msg="Executing migration" id="create user auth token table"
grafana-ages      | logger=migrator t=2025-06-24T03:09:29.881525951Z level=info msg="Migration successfully executed" id="create user auth token table" duration=815.506µs
grafana-ages      | logger=migrator t=2025-06-24T03:09:29.885570379Z level=info msg="Executing migration" id="add unique index user_auth_token.auth_token"
grafana-ages      | logger=migrator t=2025-06-24T03:09:29.88660067Z level=info msg="Migration successfully executed" id="add unique index user_auth_token.auth_token" duration=1.030202ms
grafana-ages      | logger=migrator t=2025-06-24T03:09:29.890440452Z level=info msg="Executing migration" id="add unique index user_auth_token.prev_auth_token"
grafana-ages      | logger=migrator t=2025-06-24T03:09:29.891403309Z level=info msg="Migration successfully executed" id="add unique index user_auth_token.prev_auth_token" duration=962.283µs
grafana-ages      | logger=migrator t=2025-06-24T03:09:29.89696194Z level=info msg="Executing migration" id="add index user_auth_token.user_id"
grafana-ages      | logger=migrator t=2025-06-24T03:09:29.898153912Z level=info msg="Migration successfully executed" id="add index user_auth_token.user_id" duration=1.191911ms
grafana-ages      | logger=migrator t=2025-06-24T03:09:29.902354784Z level=info msg="Executing migration" id="Add revoked_at to the user auth token"
grafana-ages      | logger=migrator t=2025-06-24T03:09:29.90634513Z level=info msg="Migration successfully executed" id="Add revoked_at to the user auth token" duration=3.990708ms
grafana-ages      | logger=migrator t=2025-06-24T03:09:29.910314623Z level=info msg="Executing migration" id="add index user_auth_token.revoked_at"
grafana-ages      | logger=migrator t=2025-06-24T03:09:29.912188048Z level=info msg="Migration successfully executed" id="add index user_auth_token.revoked_at" duration=1.867029ms
grafana-ages      | logger=migrator t=2025-06-24T03:09:29.91633961Z level=info msg="Executing migration" id="add external_session_id to user_auth_token"
grafana-ages      | logger=migrator t=2025-06-24T03:09:29.920684671Z level=info msg="Migration successfully executed" id="add external_session_id to user_auth_token" duration=4.363587ms
grafana-ages      | logger=migrator t=2025-06-24T03:09:29.924455899Z level=info msg="Executing migration" id="create cache_data table"
grafana-ages      | logger=migrator t=2025-06-24T03:09:29.925264029Z level=info msg="Migration successfully executed" id="create cache_data table" duration=808.146µs
grafana-ages      | logger=migrator t=2025-06-24T03:09:29.929723035Z level=info msg="Executing migration" id="add unique index cache_data.cache_key"
grafana-ages      | logger=migrator t=2025-06-24T03:09:29.930849539Z level=info msg="Migration successfully executed" id="add unique index cache_data.cache_key" duration=1.125742ms
grafana-ages      | logger=migrator t=2025-06-24T03:09:29.937234098Z level=info msg="Executing migration" id="create short_url table v1"
grafana-ages      | logger=migrator t=2025-06-24T03:09:29.938122649Z level=info msg="Migration successfully executed" id="create short_url table v1" duration=900.965µs
grafana-ages      | logger=migrator t=2025-06-24T03:09:29.945601085Z level=info msg="Executing migration" id="add index short_url.org_id-uid"
grafana-ages      | logger=migrator t=2025-06-24T03:09:29.946867879Z level=info msg="Migration successfully executed" id="add index short_url.org_id-uid" duration=1.265715ms
grafana-ages      | logger=migrator t=2025-06-24T03:09:29.953241935Z level=info msg="Executing migration" id="alter table short_url alter column created_by type to bigint"
grafana-ages      | logger=migrator t=2025-06-24T03:09:29.953275121Z level=info msg="Migration successfully executed" id="alter table short_url alter column created_by type to bigint" duration=51.359µs
grafana-ages      | logger=migrator t=2025-06-24T03:09:29.957252155Z level=info msg="Executing migration" id="delete alert_definition table"
grafana-ages      | logger=migrator t=2025-06-24T03:09:29.957369737Z level=info msg="Migration successfully executed" id="delete alert_definition table" duration=139.303µs
grafana-ages      | logger=migrator t=2025-06-24T03:09:29.961048003Z level=info msg="Executing migration" id="recreate alert_definition table"
grafana-ages      | logger=migrator t=2025-06-24T03:09:29.962391217Z level=info msg="Migration successfully executed" id="recreate alert_definition table" duration=1.358055ms
grafana-ages      | logger=migrator t=2025-06-24T03:09:29.973569549Z level=info msg="Executing migration" id="add index in alert_definition on org_id and title columns"
grafana-ages      | logger=migrator t=2025-06-24T03:09:29.974634208Z level=info msg="Migration successfully executed" id="add index in alert_definition on org_id and title columns" duration=1.063464ms
grafana-ages      | logger=migrator t=2025-06-24T03:09:29.988948424Z level=info msg="Executing migration" id="add index in alert_definition on org_id and uid columns"
grafana-ages      | logger=migrator t=2025-06-24T03:09:29.990056192Z level=info msg="Migration successfully executed" id="add index in alert_definition on org_id and uid columns" duration=1.106579ms
grafana-ages      | logger=migrator t=2025-06-24T03:09:29.99647264Z level=info msg="Executing migration" id="alter alert_definition table data column to mediumtext in mysql"
grafana-ages      | logger=migrator t=2025-06-24T03:09:29.996505265Z level=info msg="Migration successfully executed" id="alter alert_definition table data column to mediumtext in mysql" duration=35.286µs
grafana-ages      | logger=migrator t=2025-06-24T03:09:30.004076956Z level=info msg="Executing migration" id="drop index in alert_definition on org_id and title columns"
grafana-ages      | logger=migrator t=2025-06-24T03:09:30.005215927Z level=info msg="Migration successfully executed" id="drop index in alert_definition on org_id and title columns" duration=1.137782ms
grafana-ages      | logger=migrator t=2025-06-24T03:09:30.012615908Z level=info msg="Executing migration" id="drop index in alert_definition on org_id and uid columns"
grafana-ages      | logger=migrator t=2025-06-24T03:09:30.014031938Z level=info msg="Migration successfully executed" id="drop index in alert_definition on org_id and uid columns" duration=1.414927ms
grafana-ages      | logger=migrator t=2025-06-24T03:09:30.019549023Z level=info msg="Executing migration" id="add unique index in alert_definition on org_id and title columns"
grafana-ages      | logger=migrator t=2025-06-24T03:09:30.020804585Z level=info msg="Migration successfully executed" id="add unique index in alert_definition on org_id and title columns" duration=1.254127ms
grafana-ages      | logger=migrator t=2025-06-24T03:09:30.026291207Z level=info msg="Executing migration" id="add unique index in alert_definition on org_id and uid columns"
grafana-ages      | logger=migrator t=2025-06-24T03:09:30.027948551Z level=info msg="Migration successfully executed" id="add unique index in alert_definition on org_id and uid columns" duration=1.647328ms
grafana-ages      | logger=migrator t=2025-06-24T03:09:30.037956729Z level=info msg="Executing migration" id="Add column paused in alert_definition"
grafana-ages      | logger=migrator t=2025-06-24T03:09:30.04211Z level=info msg="Migration successfully executed" id="Add column paused in alert_definition" duration=4.151392ms
grafana-ages      | logger=migrator t=2025-06-24T03:09:30.052521401Z level=info msg="Executing migration" id="drop alert_definition table"
grafana-ages      | logger=migrator t=2025-06-24T03:09:30.053513091Z level=info msg="Migration successfully executed" id="drop alert_definition table" duration=990.29µs
grafana-ages      | logger=migrator t=2025-06-24T03:09:30.059932087Z level=info msg="Executing migration" id="delete alert_definition_version table"
grafana-ages      | logger=migrator t=2025-06-24T03:09:30.060050865Z level=info msg="Migration successfully executed" id="delete alert_definition_version table" duration=120.167µs
grafana-ages      | logger=migrator t=2025-06-24T03:09:30.063940983Z level=info msg="Executing migration" id="recreate alert_definition_version table"
grafana-ages      | logger=migrator t=2025-06-24T03:09:30.064723407Z level=info msg="Migration successfully executed" id="recreate alert_definition_version table" duration=782.262µs
grafana-ages      | logger=migrator t=2025-06-24T03:09:30.068716601Z level=info msg="Executing migration" id="add index in alert_definition_version table on alert_definition_id and version columns"
grafana-ages      | logger=migrator t=2025-06-24T03:09:30.069834713Z level=info msg="Migration successfully executed" id="add index in alert_definition_version table on alert_definition_id and version columns" duration=1.116418ms
grafana-ages      | logger=migrator t=2025-06-24T03:09:30.073682186Z level=info msg="Executing migration" id="add index in alert_definition_version table on alert_definition_uid and version columns"
grafana-ages      | logger=migrator t=2025-06-24T03:09:30.074740963Z level=info msg="Migration successfully executed" id="add index in alert_definition_version table on alert_definition_uid and version columns" duration=1.058061ms
grafana-ages      | logger=migrator t=2025-06-24T03:09:30.079886506Z level=info msg="Executing migration" id="alter alert_definition_version table data column to mediumtext in mysql"
grafana-ages      | logger=migrator t=2025-06-24T03:09:30.079918073Z level=info msg="Migration successfully executed" id="alter alert_definition_version table data column to mediumtext in mysql" duration=34.855µs
grafana-ages      | logger=migrator t=2025-06-24T03:09:30.083791208Z level=info msg="Executing migration" id="drop alert_definition_version table"
grafana-ages      | logger=migrator t=2025-06-24T03:09:30.085075945Z level=info msg="Migration successfully executed" id="drop alert_definition_version table" duration=1.283861ms
grafana-ages      | logger=migrator t=2025-06-24T03:09:30.089015014Z level=info msg="Executing migration" id="create alert_instance table"
grafana-ages      | logger=migrator t=2025-06-24T03:09:30.08981663Z level=info msg="Migration successfully executed" id="create alert_instance table" duration=801.727µs
grafana-ages      | logger=migrator t=2025-06-24T03:09:30.09357337Z level=info msg="Executing migration" id="add index in alert_instance table on def_org_id, def_uid and current_state columns"
grafana-ages      | logger=migrator t=2025-06-24T03:09:30.094835258Z level=info msg="Migration successfully executed" id="add index in alert_instance table on def_org_id, def_uid and current_state columns" duration=1.260431ms
grafana-ages      | logger=migrator t=2025-06-24T03:09:30.099208582Z level=info msg="Executing migration" id="add index in alert_instance table on def_org_id, current_state columns"
grafana-ages      | logger=migrator t=2025-06-24T03:09:30.100078422Z level=info msg="Migration successfully executed" id="add index in alert_instance table on def_org_id, current_state columns" duration=869.576µs
grafana-ages      | logger=migrator t=2025-06-24T03:09:30.10406332Z level=info msg="Executing migration" id="add column current_state_end to alert_instance"
grafana-ages      | logger=migrator t=2025-06-24T03:09:30.108213699Z level=info msg="Migration successfully executed" id="add column current_state_end to alert_instance" duration=4.14864ms
grafana-ages      | logger=migrator t=2025-06-24T03:09:30.113054708Z level=info msg="Executing migration" id="remove index def_org_id, def_uid, current_state on alert_instance"
grafana-ages      | logger=migrator t=2025-06-24T03:09:30.114166977Z level=info msg="Migration successfully executed" id="remove index def_org_id, def_uid, current_state on alert_instance" duration=1.112855ms
grafana-ages      | logger=migrator t=2025-06-24T03:09:30.117907238Z level=info msg="Executing migration" id="remove index def_org_id, current_state on alert_instance"
grafana-ages      | logger=migrator t=2025-06-24T03:09:30.118770547Z level=info msg="Migration successfully executed" id="remove index def_org_id, current_state on alert_instance" duration=863.567µs
grafana-ages      | logger=migrator t=2025-06-24T03:09:30.122637828Z level=info msg="Executing migration" id="rename def_org_id to rule_org_id in alert_instance"
grafana-ages      | logger=migrator t=2025-06-24T03:09:30.147896677Z level=info msg="Migration successfully executed" id="rename def_org_id to rule_org_id in alert_instance" duration=25.278252ms
grafana-ages      | logger=migrator t=2025-06-24T03:09:30.151589393Z level=info msg="Executing migration" id="rename def_uid to rule_uid in alert_instance"
grafana-ages      | logger=migrator t=2025-06-24T03:09:30.17292998Z level=info msg="Migration successfully executed" id="rename def_uid to rule_uid in alert_instance" duration=21.338594ms
grafana-ages      | logger=migrator t=2025-06-24T03:09:30.176645454Z level=info msg="Executing migration" id="add index rule_org_id, rule_uid, current_state on alert_instance"
grafana-ages      | logger=migrator t=2025-06-24T03:09:30.177715661Z level=info msg="Migration successfully executed" id="add index rule_org_id, rule_uid, current_state on alert_instance" duration=1.068672ms
grafana-ages      | logger=migrator t=2025-06-24T03:09:30.181814078Z level=info msg="Executing migration" id="add index rule_org_id, current_state on alert_instance"
grafana-ages      | logger=migrator t=2025-06-24T03:09:30.182858294Z level=info msg="Migration successfully executed" id="add index rule_org_id, current_state on alert_instance" duration=1.06408ms
grafana-ages      | logger=migrator t=2025-06-24T03:09:30.186775436Z level=info msg="Executing migration" id="add current_reason column related to current_state"
grafana-ages      | logger=migrator t=2025-06-24T03:09:30.190870554Z level=info msg="Migration successfully executed" id="add current_reason column related to current_state" duration=4.114844ms
grafana-ages      | logger=migrator t=2025-06-24T03:09:30.194882087Z level=info msg="Executing migration" id="add result_fingerprint column to alert_instance"
grafana-ages      | logger=migrator t=2025-06-24T03:09:30.200169038Z level=info msg="Migration successfully executed" id="add result_fingerprint column to alert_instance" duration=5.266977ms
grafana-ages      | logger=migrator t=2025-06-24T03:09:30.203937029Z level=info msg="Executing migration" id="create alert_rule table"
grafana-ages      | logger=migrator t=2025-06-24T03:09:30.20472014Z level=info msg="Migration successfully executed" id="create alert_rule table" duration=782.981µs
grafana-ages      | logger=migrator t=2025-06-24T03:09:30.208623454Z level=info msg="Executing migration" id="add index in alert_rule on org_id and title columns"
grafana-ages      | logger=migrator t=2025-06-24T03:09:30.209549076Z level=info msg="Migration successfully executed" id="add index in alert_rule on org_id and title columns" duration=943.346µs
grafana-ages      | logger=migrator t=2025-06-24T03:09:30.214247554Z level=info msg="Executing migration" id="add index in alert_rule on org_id and uid columns"
grafana-ages      | logger=migrator t=2025-06-24T03:09:30.215178129Z level=info msg="Migration successfully executed" id="add index in alert_rule on org_id and uid columns" duration=930.737µs
grafana-ages      | logger=migrator t=2025-06-24T03:09:30.219148111Z level=info msg="Executing migration" id="add index in alert_rule on org_id, namespace_uid, group_uid columns"
grafana-ages      | logger=migrator t=2025-06-24T03:09:30.220011034Z level=info msg="Migration successfully executed" id="add index in alert_rule on org_id, namespace_uid, group_uid columns" duration=863.475µs
grafana-ages      | logger=migrator t=2025-06-24T03:09:30.223856575Z level=info msg="Executing migration" id="alter alert_rule table data column to mediumtext in mysql"
grafana-ages      | logger=migrator t=2025-06-24T03:09:30.223903149Z level=info msg="Migration successfully executed" id="alter alert_rule table data column to mediumtext in mysql" duration=47.719µs
grafana-ages      | logger=migrator t=2025-06-24T03:09:30.227781249Z level=info msg="Executing migration" id="add column for to alert_rule"
grafana-ages      | logger=migrator t=2025-06-24T03:09:30.233070253Z level=info msg="Migration successfully executed" id="add column for to alert_rule" duration=5.287093ms
grafana-ages      | logger=migrator t=2025-06-24T03:09:30.236990243Z level=info msg="Executing migration" id="add column annotations to alert_rule"
grafana-ages      | logger=migrator t=2025-06-24T03:09:30.241720808Z level=info msg="Migration successfully executed" id="add column annotations to alert_rule" duration=4.749217ms
grafana-ages      | logger=migrator t=2025-06-24T03:09:30.245727052Z level=info msg="Executing migration" id="add column labels to alert_rule"
grafana-ages      | logger=migrator t=2025-06-24T03:09:30.253253739Z level=info msg="Migration successfully executed" id="add column labels to alert_rule" duration=7.527838ms
grafana-ages      | logger=migrator t=2025-06-24T03:09:30.256999395Z level=info msg="Executing migration" id="remove unique index from alert_rule on org_id, title columns"
grafana-ages      | logger=migrator t=2025-06-24T03:09:30.258060113Z level=info msg="Migration successfully executed" id="remove unique index from alert_rule on org_id, title columns" duration=1.060193ms
grafana-ages      | logger=migrator t=2025-06-24T03:09:30.262685277Z level=info msg="Executing migration" id="add index in alert_rule on org_id, namespase_uid and title columns"
grafana-ages      | logger=migrator t=2025-06-24T03:09:30.263923791Z level=info msg="Migration successfully executed" id="add index in alert_rule on org_id, namespase_uid and title columns" duration=1.23561ms
grafana-ages      | logger=migrator t=2025-06-24T03:09:30.267800771Z level=info msg="Executing migration" id="add dashboard_uid column to alert_rule"
grafana-ages      | logger=migrator t=2025-06-24T03:09:30.274085965Z level=info msg="Migration successfully executed" id="add dashboard_uid column to alert_rule" duration=6.288956ms
grafana-ages      | logger=migrator t=2025-06-24T03:09:30.277835505Z level=info msg="Executing migration" id="add panel_id column to alert_rule"
grafana-ages      | logger=migrator t=2025-06-24T03:09:30.283130534Z level=info msg="Migration successfully executed" id="add panel_id column to alert_rule" duration=5.29294ms
grafana-ages      | logger=migrator t=2025-06-24T03:09:30.28730251Z level=info msg="Executing migration" id="add index in alert_rule on org_id, dashboard_uid and panel_id columns"
grafana-ages      | logger=migrator t=2025-06-24T03:09:30.2883632Z level=info msg="Migration successfully executed" id="add index in alert_rule on org_id, dashboard_uid and panel_id columns" duration=1.061063ms
grafana-ages      | logger=migrator t=2025-06-24T03:09:30.292311519Z level=info msg="Executing migration" id="add rule_group_idx column to alert_rule"
grafana-ages      | logger=migrator t=2025-06-24T03:09:30.298563147Z level=info msg="Migration successfully executed" id="add rule_group_idx column to alert_rule" duration=6.268284ms
grafana-ages      | logger=migrator t=2025-06-24T03:09:30.302364443Z level=info msg="Executing migration" id="add is_paused column to alert_rule table"
grafana-ages      | logger=migrator t=2025-06-24T03:09:30.306887673Z level=info msg="Migration successfully executed" id="add is_paused column to alert_rule table" duration=4.521642ms
grafana-ages      | logger=migrator t=2025-06-24T03:09:30.31110712Z level=info msg="Executing migration" id="fix is_paused column for alert_rule table"
grafana-ages      | logger=migrator t=2025-06-24T03:09:30.311132112Z level=info msg="Migration successfully executed" id="fix is_paused column for alert_rule table" duration=27.516µs
grafana-ages      | logger=migrator t=2025-06-24T03:09:30.315202924Z level=info msg="Executing migration" id="create alert_rule_version table"
grafana-ages      | logger=migrator t=2025-06-24T03:09:30.316365134Z level=info msg="Migration successfully executed" id="create alert_rule_version table" duration=1.160838ms
grafana-ages      | logger=migrator t=2025-06-24T03:09:30.320275334Z level=info msg="Executing migration" id="add index in alert_rule_version table on rule_org_id, rule_uid and version columns"
grafana-ages      | logger=migrator t=2025-06-24T03:09:30.321398011Z level=info msg="Migration successfully executed" id="add index in alert_rule_version table on rule_org_id, rule_uid and version columns" duration=1.125358ms
grafana-ages      | logger=migrator t=2025-06-24T03:09:30.325385871Z level=info msg="Executing migration" id="add index in alert_rule_version table on rule_org_id, rule_namespace_uid and rule_group columns"
grafana-ages      | logger=migrator t=2025-06-24T03:09:30.326469642Z level=info msg="Migration successfully executed" id="add index in alert_rule_version table on rule_org_id, rule_namespace_uid and rule_group columns" duration=1.083287ms
grafana-ages      | logger=migrator t=2025-06-24T03:09:30.330387796Z level=info msg="Executing migration" id="alter alert_rule_version table data column to mediumtext in mysql"
grafana-ages      | logger=migrator t=2025-06-24T03:09:30.330431638Z level=info msg="Migration successfully executed" id="alter alert_rule_version table data column to mediumtext in mysql" duration=45.099µs
grafana-ages      | logger=migrator t=2025-06-24T03:09:30.334049614Z level=info msg="Executing migration" id="add column for to alert_rule_version"
grafana-ages      | logger=migrator t=2025-06-24T03:09:30.34075967Z level=info msg="Migration successfully executed" id="add column for to alert_rule_version" duration=6.697218ms
grafana-ages      | logger=migrator t=2025-06-24T03:09:30.345757704Z level=info msg="Executing migration" id="add column annotations to alert_rule_version"
grafana-ages      | logger=migrator t=2025-06-24T03:09:30.352250358Z level=info msg="Migration successfully executed" id="add column annotations to alert_rule_version" duration=6.492617ms
grafana-ages      | logger=migrator t=2025-06-24T03:09:30.35592647Z level=info msg="Executing migration" id="add column labels to alert_rule_version"
grafana-ages      | logger=migrator t=2025-06-24T03:09:30.360431965Z level=info msg="Migration successfully executed" id="add column labels to alert_rule_version" duration=4.520747ms
grafana-ages      | logger=migrator t=2025-06-24T03:09:30.366477805Z level=info msg="Executing migration" id="add rule_group_idx column to alert_rule_version"
grafana-ages      | logger=migrator t=2025-06-24T03:09:30.371247879Z level=info msg="Migration successfully executed" id="add rule_group_idx column to alert_rule_version" duration=4.770497ms
grafana-ages      | logger=migrator t=2025-06-24T03:09:30.376751937Z level=info msg="Executing migration" id="add is_paused column to alert_rule_versions table"
grafana-ages      | logger=migrator t=2025-06-24T03:09:30.383094178Z level=info msg="Migration successfully executed" id="add is_paused column to alert_rule_versions table" duration=6.340063ms
grafana-ages      | logger=migrator t=2025-06-24T03:09:30.387496867Z level=info msg="Executing migration" id="fix is_paused column for alert_rule_version table"
grafana-ages      | logger=migrator t=2025-06-24T03:09:30.387524876Z level=info msg="Migration successfully executed" id="fix is_paused column for alert_rule_version table" duration=58.917µs
grafana-ages      | logger=migrator t=2025-06-24T03:09:30.392238821Z level=info msg="Executing migration" id=create_alert_configuration_table
grafana-ages      | logger=migrator t=2025-06-24T03:09:30.392897182Z level=info msg="Migration successfully executed" id=create_alert_configuration_table duration=658.549µs
grafana-ages      | logger=migrator t=2025-06-24T03:09:30.396737099Z level=info msg="Executing migration" id="Add column default in alert_configuration"
grafana-ages      | logger=migrator t=2025-06-24T03:09:30.401344632Z level=info msg="Migration successfully executed" id="Add column default in alert_configuration" duration=4.607522ms
grafana-ages      | logger=migrator t=2025-06-24T03:09:30.406060691Z level=info msg="Executing migration" id="alert alert_configuration alertmanager_configuration column from TEXT to MEDIUMTEXT if mysql"
grafana-ages      | logger=migrator t=2025-06-24T03:09:30.406083502Z level=info msg="Migration successfully executed" id="alert alert_configuration alertmanager_configuration column from TEXT to MEDIUMTEXT if mysql" duration=25.038µs
grafana-ages      | logger=migrator t=2025-06-24T03:09:30.409915199Z level=info msg="Executing migration" id="add column org_id in alert_configuration"
grafana-ages      | logger=migrator t=2025-06-24T03:09:30.415878191Z level=info msg="Migration successfully executed" id="add column org_id in alert_configuration" duration=5.970004ms
grafana-ages      | logger=migrator t=2025-06-24T03:09:30.419766274Z level=info msg="Executing migration" id="add index in alert_configuration table on org_id column"
grafana-ages      | logger=migrator t=2025-06-24T03:09:30.420592133Z level=info msg="Migration successfully executed" id="add index in alert_configuration table on org_id column" duration=826.169µs
grafana-ages      | logger=migrator t=2025-06-24T03:09:30.424598888Z level=info msg="Executing migration" id="add configuration_hash column to alert_configuration"
grafana-ages      | logger=migrator t=2025-06-24T03:09:30.430173308Z level=info msg="Migration successfully executed" id="add configuration_hash column to alert_configuration" duration=5.585832ms
grafana-ages      | logger=migrator t=2025-06-24T03:09:30.434086237Z level=info msg="Executing migration" id=create_ngalert_configuration_table
grafana-ages      | logger=migrator t=2025-06-24T03:09:30.43502992Z level=info msg="Migration successfully executed" id=create_ngalert_configuration_table duration=939.219µs
grafana-ages      | logger=migrator t=2025-06-24T03:09:30.438834349Z level=info msg="Executing migration" id="add index in ngalert_configuration on org_id column"
grafana-ages      | logger=migrator t=2025-06-24T03:09:30.439728373Z level=info msg="Migration successfully executed" id="add index in ngalert_configuration on org_id column" duration=912.361µs
grafana-ages      | logger=migrator t=2025-06-24T03:09:30.446249652Z level=info msg="Executing migration" id="add column send_alerts_to in ngalert_configuration"
grafana-ages      | logger=migrator t=2025-06-24T03:09:30.453355338Z level=info msg="Migration successfully executed" id="add column send_alerts_to in ngalert_configuration" duration=7.098588ms
grafana-ages      | logger=migrator t=2025-06-24T03:09:30.457165299Z level=info msg="Executing migration" id="create provenance_type table"
grafana-ages      | logger=migrator t=2025-06-24T03:09:30.458065147Z level=info msg="Migration successfully executed" id="create provenance_type table" duration=918.762µs
grafana-ages      | logger=migrator t=2025-06-24T03:09:30.46215291Z level=info msg="Executing migration" id="add index to uniquify (record_key, record_type, org_id) columns"
grafana-ages      | logger=migrator t=2025-06-24T03:09:30.463330755Z level=info msg="Migration successfully executed" id="add index to uniquify (record_key, record_type, org_id) columns" duration=1.17798ms
grafana-ages      | logger=migrator t=2025-06-24T03:09:30.467068099Z level=info msg="Executing migration" id="create alert_image table"
grafana-ages      | logger=migrator t=2025-06-24T03:09:30.467889865Z level=info msg="Migration successfully executed" id="create alert_image table" duration=821.76µs
grafana-ages      | logger=migrator t=2025-06-24T03:09:30.471688108Z level=info msg="Executing migration" id="add unique index on token to alert_image table"
grafana-ages      | logger=migrator t=2025-06-24T03:09:30.472686108Z level=info msg="Migration successfully executed" id="add unique index on token to alert_image table" duration=998.185µs
grafana-ages      | logger=migrator t=2025-06-24T03:09:30.476636435Z level=info msg="Executing migration" id="support longer URLs in alert_image table"
grafana-ages      | logger=migrator t=2025-06-24T03:09:30.476660145Z level=info msg="Migration successfully executed" id="support longer URLs in alert_image table" duration=43.171µs
grafana-ages      | logger=migrator t=2025-06-24T03:09:30.480862181Z level=info msg="Executing migration" id=create_alert_configuration_history_table
grafana-ages      | logger=migrator t=2025-06-24T03:09:30.481841503Z level=info msg="Migration successfully executed" id=create_alert_configuration_history_table duration=975.59µs
grafana-ages      | logger=migrator t=2025-06-24T03:09:30.485964904Z level=info msg="Executing migration" id="drop non-unique orgID index on alert_configuration"
grafana-ages      | logger=migrator t=2025-06-24T03:09:30.487207171Z level=info msg="Migration successfully executed" id="drop non-unique orgID index on alert_configuration" duration=1.244705ms
grafana-ages      | logger=migrator t=2025-06-24T03:09:30.491880752Z level=info msg="Executing migration" id="drop unique orgID index on alert_configuration if exists"
grafana-ages      | logger=migrator t=2025-06-24T03:09:30.492332864Z level=warn msg="Skipping migration: Already executed, but not recorded in migration log" id="drop unique orgID index on alert_configuration if exists"
grafana-ages      | logger=migrator t=2025-06-24T03:09:30.496957991Z level=info msg="Executing migration" id="extract alertmanager configuration history to separate table"
grafana-ages      | logger=migrator t=2025-06-24T03:09:30.497506076Z level=info msg="Migration successfully executed" id="extract alertmanager configuration history to separate table" duration=548.303µs
grafana-ages      | logger=migrator t=2025-06-24T03:09:30.501373752Z level=info msg="Executing migration" id="add unique index on orgID to alert_configuration"
grafana-ages      | logger=migrator t=2025-06-24T03:09:30.502420373Z level=info msg="Migration successfully executed" id="add unique index on orgID to alert_configuration" duration=1.038824ms
grafana-ages      | logger=migrator t=2025-06-24T03:09:30.506184626Z level=info msg="Executing migration" id="add last_applied column to alert_configuration_history"
grafana-ages      | logger=migrator t=2025-06-24T03:09:30.511736014Z level=info msg="Migration successfully executed" id="add last_applied column to alert_configuration_history" duration=5.557013ms
grafana-ages      | logger=migrator t=2025-06-24T03:09:30.515860847Z level=info msg="Executing migration" id="create library_element table v1"
grafana-ages      | logger=migrator t=2025-06-24T03:09:30.516919104Z level=info msg="Migration successfully executed" id="create library_element table v1" duration=1.056953ms
grafana-ages      | logger=migrator t=2025-06-24T03:09:30.521050138Z level=info msg="Executing migration" id="add index library_element org_id-folder_id-name-kind"
grafana-ages      | logger=migrator t=2025-06-24T03:09:30.522094287Z level=info msg="Migration successfully executed" id="add index library_element org_id-folder_id-name-kind" duration=1.043602ms
grafana-ages      | logger=migrator t=2025-06-24T03:09:30.525975151Z level=info msg="Executing migration" id="create library_element_connection table v1"
grafana-ages      | logger=migrator t=2025-06-24T03:09:30.526749533Z level=info msg="Migration successfully executed" id="create library_element_connection table v1" duration=767.746µs
grafana-ages      | logger=migrator t=2025-06-24T03:09:30.531050868Z level=info msg="Executing migration" id="add index library_element_connection element_id-kind-connection_id"
grafana-ages      | logger=migrator t=2025-06-24T03:09:30.532236057Z level=info msg="Migration successfully executed" id="add index library_element_connection element_id-kind-connection_id" duration=1.183316ms
grafana-ages      | logger=migrator t=2025-06-24T03:09:30.536318289Z level=info msg="Executing migration" id="add unique index library_element org_id_uid"
grafana-ages      | logger=migrator t=2025-06-24T03:09:30.537329189Z level=info msg="Migration successfully executed" id="add unique index library_element org_id_uid" duration=1.009529ms
grafana-ages      | logger=migrator t=2025-06-24T03:09:30.541045339Z level=info msg="Executing migration" id="increase max description length to 2048"
grafana-ages      | logger=migrator t=2025-06-24T03:09:30.541091353Z level=info msg="Migration successfully executed" id="increase max description length to 2048" duration=47.693µs
grafana-ages      | logger=migrator t=2025-06-24T03:09:30.54512461Z level=info msg="Executing migration" id="alter library_element model to mediumtext"
grafana-ages      | logger=migrator t=2025-06-24T03:09:30.54516835Z level=info msg="Migration successfully executed" id="alter library_element model to mediumtext" duration=48.533µs
grafana-ages      | logger=migrator t=2025-06-24T03:09:30.550743504Z level=info msg="Executing migration" id="add library_element folder uid"
grafana-ages      | logger=migrator t=2025-06-24T03:09:30.555824516Z level=info msg="Migration successfully executed" id="add library_element folder uid" duration=5.069752ms
grafana-ages      | logger=migrator t=2025-06-24T03:09:30.559384196Z level=info msg="Executing migration" id="populate library_element folder_uid"
grafana-ages      | logger=migrator t=2025-06-24T03:09:30.559764049Z level=info msg="Migration successfully executed" id="populate library_element folder_uid" duration=380.309µs
grafana-ages      | logger=migrator t=2025-06-24T03:09:30.567746788Z level=info msg="Executing migration" id="add index library_element org_id-folder_uid-name-kind"
grafana-ages      | logger=migrator t=2025-06-24T03:09:30.568798466Z level=info msg="Migration successfully executed" id="add index library_element org_id-folder_uid-name-kind" duration=1.051458ms
grafana-ages      | logger=migrator t=2025-06-24T03:09:30.57521409Z level=info msg="Executing migration" id="clone move dashboard alerts to unified alerting"
grafana-ages      | logger=migrator t=2025-06-24T03:09:30.575532159Z level=info msg="Migration successfully executed" id="clone move dashboard alerts to unified alerting" duration=319.559µs
grafana-ages      | logger=migrator t=2025-06-24T03:09:30.580701554Z level=info msg="Executing migration" id="create data_keys table"
grafana-ages      | logger=migrator t=2025-06-24T03:09:30.581781745Z level=info msg="Migration successfully executed" id="create data_keys table" duration=1.080912ms
grafana-ages      | logger=migrator t=2025-06-24T03:09:30.585753549Z level=info msg="Executing migration" id="create secrets table"
grafana-ages      | logger=migrator t=2025-06-24T03:09:30.586665425Z level=info msg="Migration successfully executed" id="create secrets table" duration=905.13µs
grafana-ages      | logger=migrator t=2025-06-24T03:09:30.590640869Z level=info msg="Executing migration" id="rename data_keys name column to id"
grafana-ages      | logger=migrator t=2025-06-24T03:09:30.620927508Z level=info msg="Migration successfully executed" id="rename data_keys name column to id" duration=30.286301ms
grafana-ages      | logger=migrator t=2025-06-24T03:09:30.624537613Z level=info msg="Executing migration" id="add name column into data_keys"
grafana-ages      | logger=migrator t=2025-06-24T03:09:30.63066851Z level=info msg="Migration successfully executed" id="add name column into data_keys" duration=6.129384ms
grafana-ages      | logger=migrator t=2025-06-24T03:09:30.634384606Z level=info msg="Executing migration" id="copy data_keys id column values into name"
grafana-ages      | logger=migrator t=2025-06-24T03:09:30.634586939Z level=info msg="Migration successfully executed" id="copy data_keys id column values into name" duration=203.291µs
grafana-ages      | logger=migrator t=2025-06-24T03:09:30.638823149Z level=info msg="Executing migration" id="rename data_keys name column to label"
grafana-ages      | logger=migrator t=2025-06-24T03:09:30.667968258Z level=info msg="Migration successfully executed" id="rename data_keys name column to label" duration=29.142669ms
grafana-ages      | logger=migrator t=2025-06-24T03:09:30.672006998Z level=info msg="Executing migration" id="rename data_keys id column back to name"
grafana-ages      | logger=migrator t=2025-06-24T03:09:30.699189375Z level=info msg="Migration successfully executed" id="rename data_keys id column back to name" duration=27.180582ms
grafana-ages      | logger=migrator t=2025-06-24T03:09:30.704556241Z level=info msg="Executing migration" id="create kv_store table v1"
grafana-ages      | logger=migrator t=2025-06-24T03:09:30.705284483Z level=info msg="Migration successfully executed" id="create kv_store table v1" duration=749.765µs
grafana-ages      | logger=migrator t=2025-06-24T03:09:30.70907853Z level=info msg="Executing migration" id="add index kv_store.org_id-namespace-key"
grafana-ages      | logger=migrator t=2025-06-24T03:09:30.710041345Z level=info msg="Migration successfully executed" id="add index kv_store.org_id-namespace-key" duration=962.741µs
grafana-ages      | logger=migrator t=2025-06-24T03:09:30.71418211Z level=info msg="Executing migration" id="update dashboard_uid and panel_id from existing annotations"
grafana-ages      | logger=migrator t=2025-06-24T03:09:30.714406604Z level=info msg="Migration successfully executed" id="update dashboard_uid and panel_id from existing annotations" duration=225.905µs
grafana-ages      | logger=migrator t=2025-06-24T03:09:30.7183845Z level=info msg="Executing migration" id="create permission table"
grafana-ages      | logger=migrator t=2025-06-24T03:09:30.719176433Z level=info msg="Migration successfully executed" id="create permission table" duration=791.613µs
grafana-ages      | logger=migrator t=2025-06-24T03:09:30.723211363Z level=info msg="Executing migration" id="add unique index permission.role_id"
grafana-ages      | logger=migrator t=2025-06-24T03:09:30.724036573Z level=info msg="Migration successfully executed" id="add unique index permission.role_id" duration=825.76µs
grafana-ages      | logger=migrator t=2025-06-24T03:09:30.727885622Z level=info msg="Executing migration" id="add unique index role_id_action_scope"
grafana-ages      | logger=migrator t=2025-06-24T03:09:30.729483206Z level=info msg="Migration successfully executed" id="add unique index role_id_action_scope" duration=1.576169ms
grafana-ages      | logger=migrator t=2025-06-24T03:09:30.733695929Z level=info msg="Executing migration" id="create role table"
grafana-ages      | logger=migrator t=2025-06-24T03:09:30.735094727Z level=info msg="Migration successfully executed" id="create role table" duration=1.38355ms
grafana-ages      | logger=migrator t=2025-06-24T03:09:30.739585553Z level=info msg="Executing migration" id="add column display_name"
grafana-ages      | logger=migrator t=2025-06-24T03:09:30.745773031Z level=info msg="Migration successfully executed" id="add column display_name" duration=6.165288ms
grafana-ages      | logger=migrator t=2025-06-24T03:09:30.751111839Z level=info msg="Executing migration" id="add column group_name"
grafana-ages      | logger=migrator t=2025-06-24T03:09:30.756247918Z level=info msg="Migration successfully executed" id="add column group_name" duration=5.155354ms
grafana-ages      | logger=migrator t=2025-06-24T03:09:30.75990584Z level=info msg="Executing migration" id="add index role.org_id"
grafana-ages      | logger=migrator t=2025-06-24T03:09:30.760907728Z level=info msg="Migration successfully executed" id="add index role.org_id" duration=1.018574ms
grafana-ages      | logger=migrator t=2025-06-24T03:09:30.766200575Z level=info msg="Executing migration" id="add unique index role_org_id_name"
grafana-ages      | logger=migrator t=2025-06-24T03:09:30.767802102Z level=info msg="Migration successfully executed" id="add unique index role_org_id_name" duration=1.589228ms
grafana-ages      | logger=migrator t=2025-06-24T03:09:30.772354124Z level=info msg="Executing migration" id="add index role_org_id_uid"
grafana-ages      | logger=migrator t=2025-06-24T03:09:30.773212275Z level=info msg="Migration successfully executed" id="add index role_org_id_uid" duration=859.045µs
grafana-ages      | logger=migrator t=2025-06-24T03:09:30.77719806Z level=info msg="Executing migration" id="create team role table"
grafana-ages      | logger=migrator t=2025-06-24T03:09:30.77862858Z level=info msg="Migration successfully executed" id="create team role table" duration=1.444896ms
grafana-ages      | logger=migrator t=2025-06-24T03:09:30.783071898Z level=info msg="Executing migration" id="add index team_role.org_id"
grafana-ages      | logger=migrator t=2025-06-24T03:09:30.784074366Z level=info msg="Migration successfully executed" id="add index team_role.org_id" duration=1.002135ms
grafana-ages      | logger=migrator t=2025-06-24T03:09:30.787954853Z level=info msg="Executing migration" id="add unique index team_role_org_id_team_id_role_id"
grafana-ages      | logger=migrator t=2025-06-24T03:09:30.788860612Z level=info msg="Migration successfully executed" id="add unique index team_role_org_id_team_id_role_id" duration=906.019µs
grafana-ages      | logger=migrator t=2025-06-24T03:09:30.793058559Z level=info msg="Executing migration" id="add index team_role.team_id"
grafana-ages      | logger=migrator t=2025-06-24T03:09:30.794211813Z level=info msg="Migration successfully executed" id="add index team_role.team_id" duration=1.176098ms
grafana-ages      | logger=migrator t=2025-06-24T03:09:30.798566585Z level=info msg="Executing migration" id="create user role table"
grafana-ages      | logger=migrator t=2025-06-24T03:09:30.799647692Z level=info msg="Migration successfully executed" id="create user role table" duration=1.080532ms
grafana-ages      | logger=migrator t=2025-06-24T03:09:30.803929873Z level=info msg="Executing migration" id="add index user_role.org_id"
grafana-ages      | logger=migrator t=2025-06-24T03:09:30.804924555Z level=info msg="Migration successfully executed" id="add index user_role.org_id" duration=1.016138ms
grafana-ages      | logger=migrator t=2025-06-24T03:09:30.808788695Z level=info msg="Executing migration" id="add unique index user_role_org_id_user_id_role_id"
grafana-ages      | logger=migrator t=2025-06-24T03:09:30.809808451Z level=info msg="Migration successfully executed" id="add unique index user_role_org_id_user_id_role_id" duration=1.020638ms
grafana-ages      | logger=migrator t=2025-06-24T03:09:30.813955471Z level=info msg="Executing migration" id="add index user_role.user_id"
grafana-ages      | logger=migrator t=2025-06-24T03:09:30.815262756Z level=info msg="Migration successfully executed" id="add index user_role.user_id" duration=1.306676ms
grafana-ages      | logger=migrator t=2025-06-24T03:09:30.819362367Z level=info msg="Executing migration" id="create builtin role table"
grafana-ages      | logger=migrator t=2025-06-24T03:09:30.820367673Z level=info msg="Migration successfully executed" id="create builtin role table" duration=1.004254ms
grafana-ages      | logger=migrator t=2025-06-24T03:09:30.824374631Z level=info msg="Executing migration" id="add index builtin_role.role_id"
grafana-ages      | logger=migrator t=2025-06-24T03:09:30.82569508Z level=info msg="Migration successfully executed" id="add index builtin_role.role_id" duration=1.340562ms
grafana-ages      | logger=migrator t=2025-06-24T03:09:30.830329969Z level=info msg="Executing migration" id="add index builtin_role.name"
grafana-ages      | logger=migrator t=2025-06-24T03:09:30.831590093Z level=info msg="Migration successfully executed" id="add index builtin_role.name" duration=1.260764ms
grafana-ages      | logger=migrator t=2025-06-24T03:09:30.835513339Z level=info msg="Executing migration" id="Add column org_id to builtin_role table"
grafana-ages      | logger=migrator t=2025-06-24T03:09:30.841570613Z level=info msg="Migration successfully executed" id="Add column org_id to builtin_role table" duration=6.054555ms
grafana-ages      | logger=migrator t=2025-06-24T03:09:30.84678047Z level=info msg="Executing migration" id="add index builtin_role.org_id"
grafana-ages      | logger=migrator t=2025-06-24T03:09:30.848098641Z level=info msg="Migration successfully executed" id="add index builtin_role.org_id" duration=1.31727ms
grafana-ages      | logger=migrator t=2025-06-24T03:09:30.851995562Z level=info msg="Executing migration" id="add unique index builtin_role_org_id_role_id_role"
grafana-ages      | logger=migrator t=2025-06-24T03:09:30.853183476Z level=info msg="Migration successfully executed" id="add unique index builtin_role_org_id_role_id_role" duration=1.185177ms
grafana-ages      | logger=migrator t=2025-06-24T03:09:30.856879363Z level=info msg="Executing migration" id="Remove unique index role_org_id_uid"
grafana-ages      | logger=migrator t=2025-06-24T03:09:30.857780384Z level=info msg="Migration successfully executed" id="Remove unique index role_org_id_uid" duration=901.616µs
grafana-ages      | logger=migrator t=2025-06-24T03:09:30.861597923Z level=info msg="Executing migration" id="add unique index role.uid"
grafana-ages      | logger=migrator t=2025-06-24T03:09:30.86366494Z level=info msg="Migration successfully executed" id="add unique index role.uid" duration=2.066898ms
grafana-ages      | logger=migrator t=2025-06-24T03:09:30.86766554Z level=info msg="Executing migration" id="create seed assignment table"
grafana-ages      | logger=migrator t=2025-06-24T03:09:30.868760477Z level=info msg="Migration successfully executed" id="create seed assignment table" duration=1.093685ms
grafana-ages      | logger=migrator t=2025-06-24T03:09:30.872780124Z level=info msg="Executing migration" id="add unique index builtin_role_role_name"
grafana-ages      | logger=migrator t=2025-06-24T03:09:30.874279969Z level=info msg="Migration successfully executed" id="add unique index builtin_role_role_name" duration=1.498575ms
grafana-ages      | logger=migrator t=2025-06-24T03:09:30.87859622Z level=info msg="Executing migration" id="add column hidden to role table"
grafana-ages      | logger=migrator t=2025-06-24T03:09:30.888262927Z level=info msg="Migration successfully executed" id="add column hidden to role table" duration=9.665528ms
grafana-ages      | logger=migrator t=2025-06-24T03:09:30.89221163Z level=info msg="Executing migration" id="permission kind migration"
grafana-ages      | logger=migrator t=2025-06-24T03:09:30.900210514Z level=info msg="Migration successfully executed" id="permission kind migration" duration=7.99661ms
grafana-ages      | logger=migrator t=2025-06-24T03:09:30.904001622Z level=info msg="Executing migration" id="permission attribute migration"
grafana-ages      | logger=migrator t=2025-06-24T03:09:30.909735397Z level=info msg="Migration successfully executed" id="permission attribute migration" duration=5.731952ms
grafana-ages      | logger=migrator t=2025-06-24T03:09:30.914167008Z level=info msg="Executing migration" id="permission identifier migration"
grafana-ages      | logger=migrator t=2025-06-24T03:09:30.923089497Z level=info msg="Migration successfully executed" id="permission identifier migration" duration=8.921945ms
grafana-ages      | logger=migrator t=2025-06-24T03:09:30.92686306Z level=info msg="Executing migration" id="add permission identifier index"
grafana-ages      | logger=migrator t=2025-06-24T03:09:30.927904265Z level=info msg="Migration successfully executed" id="add permission identifier index" duration=1.0395ms
grafana-ages      | logger=migrator t=2025-06-24T03:09:30.931902947Z level=info msg="Executing migration" id="add permission action scope role_id index"
grafana-ages      | logger=migrator t=2025-06-24T03:09:30.932883072Z level=info msg="Migration successfully executed" id="add permission action scope role_id index" duration=997.248µs
grafana-ages      | logger=migrator t=2025-06-24T03:09:30.93691835Z level=info msg="Executing migration" id="remove permission role_id action scope index"
grafana-ages      | logger=migrator t=2025-06-24T03:09:30.937841514Z level=info msg="Migration successfully executed" id="remove permission role_id action scope index" duration=924.08µs
grafana-ages      | logger=migrator t=2025-06-24T03:09:30.94127681Z level=info msg="Executing migration" id="add group mapping UID column to user_role table"
grafana-ages      | logger=migrator t=2025-06-24T03:09:30.947871542Z level=info msg="Migration successfully executed" id="add group mapping UID column to user_role table" duration=6.593196ms
grafana-ages      | logger=migrator t=2025-06-24T03:09:30.951880041Z level=info msg="Executing migration" id="add user_role org ID, user ID, role ID, group mapping UID index"
grafana-ages      | logger=migrator t=2025-06-24T03:09:30.953365755Z level=info msg="Migration successfully executed" id="add user_role org ID, user ID, role ID, group mapping UID index" duration=1.484055ms
grafana-ages      | logger=migrator t=2025-06-24T03:09:30.957397114Z level=info msg="Executing migration" id="remove user_role org ID, user ID, role ID index"
grafana-ages      | logger=migrator t=2025-06-24T03:09:30.958729249Z level=info msg="Migration successfully executed" id="remove user_role org ID, user ID, role ID index" duration=1.351618ms
grafana-ages      | logger=migrator t=2025-06-24T03:09:30.962727719Z level=info msg="Executing migration" id="create query_history table v1"
grafana-ages      | logger=migrator t=2025-06-24T03:09:30.963945579Z level=info msg="Migration successfully executed" id="create query_history table v1" duration=1.220344ms
grafana-ages      | logger=migrator t=2025-06-24T03:09:30.967809372Z level=info msg="Executing migration" id="add index query_history.org_id-created_by-datasource_uid"
grafana-ages      | logger=migrator t=2025-06-24T03:09:30.969164968Z level=info msg="Migration successfully executed" id="add index query_history.org_id-created_by-datasource_uid" duration=1.354035ms
grafana-ages      | logger=migrator t=2025-06-24T03:09:30.972943014Z level=info msg="Executing migration" id="alter table query_history alter column created_by type to bigint"
grafana-ages      | logger=migrator t=2025-06-24T03:09:30.97296837Z level=info msg="Migration successfully executed" id="alter table query_history alter column created_by type to bigint" duration=27.763µs
grafana-ages      | logger=migrator t=2025-06-24T03:09:30.976635737Z level=info msg="Executing migration" id="create query_history_details table v1"
grafana-ages      | logger=migrator t=2025-06-24T03:09:30.977811986Z level=info msg="Migration successfully executed" id="create query_history_details table v1" duration=1.175007ms
grafana-ages      | logger=migrator t=2025-06-24T03:09:30.982177378Z level=info msg="Executing migration" id="rbac disabled migrator"
grafana-ages      | logger=migrator t=2025-06-24T03:09:30.982232139Z level=info msg="Migration successfully executed" id="rbac disabled migrator" duration=74.006µs
grafana-ages      | logger=migrator t=2025-06-24T03:09:30.986398227Z level=info msg="Executing migration" id="teams permissions migration"
grafana-ages      | logger=migrator t=2025-06-24T03:09:30.986928926Z level=info msg="Migration successfully executed" id="teams permissions migration" duration=531.073µs
grafana-ages      | logger=migrator t=2025-06-24T03:09:30.990683347Z level=info msg="Executing migration" id="dashboard permissions"
grafana-ages      | logger=migrator t=2025-06-24T03:09:30.99117204Z level=info msg="Migration successfully executed" id="dashboard permissions" duration=508.522µs
grafana-ages      | logger=migrator t=2025-06-24T03:09:30.99502958Z level=info msg="Executing migration" id="dashboard permissions uid scopes"
grafana-ages      | logger=migrator t=2025-06-24T03:09:30.995988778Z level=info msg="Migration successfully executed" id="dashboard permissions uid scopes" duration=957.699µs
grafana-ages      | logger=migrator t=2025-06-24T03:09:30.999885882Z level=info msg="Executing migration" id="drop managed folder create actions"
grafana-ages      | logger=migrator t=2025-06-24T03:09:31.00015299Z level=info msg="Migration successfully executed" id="drop managed folder create actions" duration=267.316µs
grafana-ages      | logger=migrator t=2025-06-24T03:09:31.003992275Z level=info msg="Executing migration" id="alerting notification permissions"
grafana-ages      | logger=migrator t=2025-06-24T03:09:31.004554211Z level=info msg="Migration successfully executed" id="alerting notification permissions" duration=541.801µs
grafana-ages      | logger=migrator t=2025-06-24T03:09:31.008169696Z level=info msg="Executing migration" id="create query_history_star table v1"
grafana-ages      | logger=migrator t=2025-06-24T03:09:31.009108622Z level=info msg="Migration successfully executed" id="create query_history_star table v1" duration=939.9µs
grafana-ages      | logger=migrator t=2025-06-24T03:09:31.013397611Z level=info msg="Executing migration" id="add index query_history.user_id-query_uid"
grafana-ages      | logger=migrator t=2025-06-24T03:09:31.015364677Z level=info msg="Migration successfully executed" id="add index query_history.user_id-query_uid" duration=1.966144ms
grafana-ages      | logger=migrator t=2025-06-24T03:09:31.019549048Z level=info msg="Executing migration" id="add column org_id in query_history_star"
grafana-ages      | logger=migrator t=2025-06-24T03:09:31.028668706Z level=info msg="Migration successfully executed" id="add column org_id in query_history_star" duration=9.102465ms
grafana-ages      | logger=migrator t=2025-06-24T03:09:31.032649689Z level=info msg="Executing migration" id="alter table query_history_star_mig column user_id type to bigint"
grafana-ages      | logger=migrator t=2025-06-24T03:09:31.03267989Z level=info msg="Migration successfully executed" id="alter table query_history_star_mig column user_id type to bigint" duration=33.088µs
grafana-ages      | logger=migrator t=2025-06-24T03:09:31.036653097Z level=info msg="Executing migration" id="create correlation table v1"
grafana-ages      | logger=migrator t=2025-06-24T03:09:31.038187188Z level=info msg="Migration successfully executed" id="create correlation table v1" duration=1.533595ms
grafana-ages      | logger=migrator t=2025-06-24T03:09:31.042212292Z level=info msg="Executing migration" id="add index correlations.uid"
grafana-ages      | logger=migrator t=2025-06-24T03:09:31.043498645Z level=info msg="Migration successfully executed" id="add index correlations.uid" duration=1.284959ms
grafana-ages      | logger=migrator t=2025-06-24T03:09:31.047570297Z level=info msg="Executing migration" id="add index correlations.source_uid"
grafana-ages      | logger=migrator t=2025-06-24T03:09:31.048904199Z level=info msg="Migration successfully executed" id="add index correlations.source_uid" duration=1.333423ms
grafana-ages      | logger=migrator t=2025-06-24T03:09:31.052985029Z level=info msg="Executing migration" id="add correlation config column"
grafana-ages      | logger=migrator t=2025-06-24T03:09:31.062429054Z level=info msg="Migration successfully executed" id="add correlation config column" duration=9.444351ms
grafana-ages      | logger=migrator t=2025-06-24T03:09:31.066242971Z level=info msg="Executing migration" id="drop index IDX_correlation_uid - v1"
grafana-ages      | logger=migrator t=2025-06-24T03:09:31.067283644Z level=info msg="Migration successfully executed" id="drop index IDX_correlation_uid - v1" duration=1.040053ms
grafana-ages      | logger=migrator t=2025-06-24T03:09:31.071159683Z level=info msg="Executing migration" id="drop index IDX_correlation_source_uid - v1"
grafana-ages      | logger=migrator t=2025-06-24T03:09:31.072117074Z level=info msg="Migration successfully executed" id="drop index IDX_correlation_source_uid - v1" duration=958.796µs
grafana-ages      | logger=migrator t=2025-06-24T03:09:31.07583582Z level=info msg="Executing migration" id="Rename table correlation to correlation_tmp_qwerty - v1"
grafana-ages      | logger=migrator t=2025-06-24T03:09:31.100682634Z level=info msg="Migration successfully executed" id="Rename table correlation to correlation_tmp_qwerty - v1" duration=24.845368ms
grafana-ages      | logger=migrator t=2025-06-24T03:09:31.181483353Z level=info msg="Executing migration" id="create correlation v2"
grafana-ages      | logger=migrator t=2025-06-24T03:09:31.182326386Z level=info msg="Migration successfully executed" id="create correlation v2" duration=842.751µs
grafana-ages      | logger=migrator t=2025-06-24T03:09:31.186243963Z level=info msg="Executing migration" id="create index IDX_correlation_uid - v2"
grafana-ages      | logger=migrator t=2025-06-24T03:09:31.187268403Z level=info msg="Migration successfully executed" id="create index IDX_correlation_uid - v2" duration=1.025686ms
grafana-ages      | logger=migrator t=2025-06-24T03:09:31.191411566Z level=info msg="Executing migration" id="create index IDX_correlation_source_uid - v2"
grafana-ages      | logger=migrator t=2025-06-24T03:09:31.192351734Z level=info msg="Migration successfully executed" id="create index IDX_correlation_source_uid - v2" duration=941.486µs
grafana-ages      | logger=migrator t=2025-06-24T03:09:31.19660427Z level=info msg="Executing migration" id="create index IDX_correlation_org_id - v2"
grafana-ages      | logger=migrator t=2025-06-24T03:09:31.197989565Z level=info msg="Migration successfully executed" id="create index IDX_correlation_org_id - v2" duration=1.385319ms
grafana-ages      | logger=migrator t=2025-06-24T03:09:31.201837834Z level=info msg="Executing migration" id="copy correlation v1 to v2"
grafana-ages      | logger=migrator t=2025-06-24T03:09:31.202152931Z level=info msg="Migration successfully executed" id="copy correlation v1 to v2" duration=316.81µs
grafana-ages      | logger=migrator t=2025-06-24T03:09:31.205788425Z level=info msg="Executing migration" id="drop correlation_tmp_qwerty"
grafana-ages      | logger=migrator t=2025-06-24T03:09:31.206550716Z level=info msg="Migration successfully executed" id="drop correlation_tmp_qwerty" duration=761.856µs
grafana-ages      | logger=migrator t=2025-06-24T03:09:31.210251509Z level=info msg="Executing migration" id="add provisioning column"
grafana-ages      | logger=migrator t=2025-06-24T03:09:31.218771822Z level=info msg="Migration successfully executed" id="add provisioning column" duration=8.519988ms
grafana-ages      | logger=migrator t=2025-06-24T03:09:31.222490434Z level=info msg="Executing migration" id="add type column"
grafana-ages      | logger=migrator t=2025-06-24T03:09:31.229369937Z level=info msg="Migration successfully executed" id="add type column" duration=6.89161ms
grafana-ages      | logger=migrator t=2025-06-24T03:09:31.233290987Z level=info msg="Executing migration" id="create entity_events table"
grafana-ages      | logger=migrator t=2025-06-24T03:09:31.23417067Z level=info msg="Migration successfully executed" id="create entity_events table" duration=879.205µs
grafana-ages      | logger=migrator t=2025-06-24T03:09:31.237899132Z level=info msg="Executing migration" id="create dashboard public config v1"
grafana-ages      | logger=migrator t=2025-06-24T03:09:31.238799258Z level=info msg="Migration successfully executed" id="create dashboard public config v1" duration=900.367µs
grafana-ages      | logger=migrator t=2025-06-24T03:09:31.242644101Z level=info msg="Executing migration" id="drop index UQE_dashboard_public_config_uid - v1"
grafana-ages      | logger=migrator t=2025-06-24T03:09:31.243082366Z level=warn msg="Skipping migration: Already executed, but not recorded in migration log" id="drop index UQE_dashboard_public_config_uid - v1"
grafana-ages      | logger=migrator t=2025-06-24T03:09:31.247230292Z level=info msg="Executing migration" id="drop index IDX_dashboard_public_config_org_id_dashboard_uid - v1"
grafana-ages      | logger=migrator t=2025-06-24T03:09:31.247798612Z level=warn msg="Skipping migration: Already executed, but not recorded in migration log" id="drop index IDX_dashboard_public_config_org_id_dashboard_uid - v1"
grafana-ages      | logger=migrator t=2025-06-24T03:09:31.251680259Z level=info msg="Executing migration" id="Drop old dashboard public config table"
grafana-ages      | logger=migrator t=2025-06-24T03:09:31.252554941Z level=info msg="Migration successfully executed" id="Drop old dashboard public config table" duration=874.548µs
grafana-ages      | logger=migrator t=2025-06-24T03:09:31.256312913Z level=info msg="Executing migration" id="recreate dashboard public config v1"
grafana-ages      | logger=migrator t=2025-06-24T03:09:31.257293258Z level=info msg="Migration successfully executed" id="recreate dashboard public config v1" duration=979.513µs
grafana-ages      | logger=migrator t=2025-06-24T03:09:31.261814015Z level=info msg="Executing migration" id="create index UQE_dashboard_public_config_uid - v1"
grafana-ages      | logger=migrator t=2025-06-24T03:09:31.263807225Z level=info msg="Migration successfully executed" id="create index UQE_dashboard_public_config_uid - v1" duration=1.992332ms
grafana-ages      | logger=migrator t=2025-06-24T03:09:31.268401695Z level=info msg="Executing migration" id="create index IDX_dashboard_public_config_org_id_dashboard_uid - v1"
grafana-ages      | logger=migrator t=2025-06-24T03:09:31.270035957Z level=info msg="Migration successfully executed" id="create index IDX_dashboard_public_config_org_id_dashboard_uid - v1" duration=1.633485ms
grafana-ages      | logger=migrator t=2025-06-24T03:09:31.273943077Z level=info msg="Executing migration" id="drop index UQE_dashboard_public_config_uid - v2"
grafana-ages      | logger=migrator t=2025-06-24T03:09:31.275129713Z level=info msg="Migration successfully executed" id="drop index UQE_dashboard_public_config_uid - v2" duration=1.19582ms
grafana-ages      | logger=migrator t=2025-06-24T03:09:31.280626624Z level=info msg="Executing migration" id="drop index IDX_dashboard_public_config_org_id_dashboard_uid - v2"
grafana-ages      | logger=migrator t=2025-06-24T03:09:31.281901955Z level=info msg="Migration successfully executed" id="drop index IDX_dashboard_public_config_org_id_dashboard_uid - v2" duration=1.271743ms
grafana-ages      | logger=migrator t=2025-06-24T03:09:31.285642705Z level=info msg="Executing migration" id="Drop public config table"
grafana-ages      | logger=migrator t=2025-06-24T03:09:31.286771747Z level=info msg="Migration successfully executed" id="Drop public config table" duration=1.128504ms
grafana-ages      | logger=migrator t=2025-06-24T03:09:31.291547616Z level=info msg="Executing migration" id="Recreate dashboard public config v2"
grafana-ages      | logger=migrator t=2025-06-24T03:09:31.29240086Z level=info msg="Migration successfully executed" id="Recreate dashboard public config v2" duration=852.91µs
grafana-ages      | logger=migrator t=2025-06-24T03:09:31.296850263Z level=info msg="Executing migration" id="create index UQE_dashboard_public_config_uid - v2"
grafana-ages      | logger=migrator t=2025-06-24T03:09:31.298785309Z level=info msg="Migration successfully executed" id="create index UQE_dashboard_public_config_uid - v2" duration=1.930087ms
grafana-ages      | logger=migrator t=2025-06-24T03:09:31.308265131Z level=info msg="Executing migration" id="create index IDX_dashboard_public_config_org_id_dashboard_uid - v2"
grafana-ages      | logger=migrator t=2025-06-24T03:09:31.309848931Z level=info msg="Migration successfully executed" id="create index IDX_dashboard_public_config_org_id_dashboard_uid - v2" duration=1.582572ms
grafana-ages      | logger=migrator t=2025-06-24T03:09:31.314471989Z level=info msg="Executing migration" id="create index UQE_dashboard_public_config_access_token - v2"
grafana-ages      | logger=migrator t=2025-06-24T03:09:31.315695956Z level=info msg="Migration successfully executed" id="create index UQE_dashboard_public_config_access_token - v2" duration=1.223124ms
grafana-ages      | logger=migrator t=2025-06-24T03:09:31.319380152Z level=info msg="Executing migration" id="Rename table dashboard_public_config to dashboard_public - v2"
grafana-ages      | logger=migrator t=2025-06-24T03:09:31.3444969Z level=info msg="Migration successfully executed" id="Rename table dashboard_public_config to dashboard_public - v2" duration=25.11335ms
grafana-ages      | logger=migrator t=2025-06-24T03:09:31.35084868Z level=info msg="Executing migration" id="add annotations_enabled column"
grafana-ages      | logger=migrator t=2025-06-24T03:09:31.360549146Z level=info msg="Migration successfully executed" id="add annotations_enabled column" duration=9.699985ms
grafana-ages      | logger=migrator t=2025-06-24T03:09:31.365627184Z level=info msg="Executing migration" id="add time_selection_enabled column"
grafana-ages      | logger=migrator t=2025-06-24T03:09:31.374913097Z level=info msg="Migration successfully executed" id="add time_selection_enabled column" duration=9.284386ms
grafana-ages      | logger=migrator t=2025-06-24T03:09:31.379106375Z level=info msg="Executing migration" id="delete orphaned public dashboards"
grafana-ages      | logger=migrator t=2025-06-24T03:09:31.379766132Z level=info msg="Migration successfully executed" id="delete orphaned public dashboards" duration=659.332µs
grafana-ages      | logger=migrator t=2025-06-24T03:09:31.386124319Z level=info msg="Executing migration" id="add share column"
grafana-ages      | logger=migrator t=2025-06-24T03:09:31.395955548Z level=info msg="Migration successfully executed" id="add share column" duration=9.825288ms
grafana-ages      | logger=migrator t=2025-06-24T03:09:31.401329675Z level=info msg="Executing migration" id="backfill empty share column fields with default of public"
grafana-ages      | logger=migrator t=2025-06-24T03:09:31.401728645Z level=info msg="Migration successfully executed" id="backfill empty share column fields with default of public" duration=400.059µs
grafana-ages      | logger=migrator t=2025-06-24T03:09:31.405530941Z level=info msg="Executing migration" id="create file table"
grafana-ages      | logger=migrator t=2025-06-24T03:09:31.406657407Z level=info msg="Migration successfully executed" id="create file table" duration=1.125887ms
grafana-ages      | logger=migrator t=2025-06-24T03:09:31.410431515Z level=info msg="Executing migration" id="file table idx: path natural pk"
grafana-ages      | logger=migrator t=2025-06-24T03:09:31.411970698Z level=info msg="Migration successfully executed" id="file table idx: path natural pk" duration=1.534402ms
grafana-ages      | logger=migrator t=2025-06-24T03:09:31.421617606Z level=info msg="Executing migration" id="file table idx: parent_folder_path_hash fast folder retrieval"
grafana-ages      | logger=migrator t=2025-06-24T03:09:31.423537199Z level=info msg="Migration successfully executed" id="file table idx: parent_folder_path_hash fast folder retrieval" duration=1.918473ms
grafana-ages      | logger=migrator t=2025-06-24T03:09:31.427580094Z level=info msg="Executing migration" id="create file_meta table"
grafana-ages      | logger=migrator t=2025-06-24T03:09:31.429756555Z level=info msg="Migration successfully executed" id="create file_meta table" duration=2.172402ms
grafana-ages      | logger=migrator t=2025-06-24T03:09:31.435821202Z level=info msg="Executing migration" id="file table idx: path key"
grafana-ages      | logger=migrator t=2025-06-24T03:09:31.437660227Z level=info msg="Migration successfully executed" id="file table idx: path key" duration=1.837574ms
grafana-ages      | logger=migrator t=2025-06-24T03:09:31.441690433Z level=info msg="Executing migration" id="set path collation in file table"
grafana-ages      | logger=migrator t=2025-06-24T03:09:31.441742308Z level=info msg="Migration successfully executed" id="set path collation in file table" duration=35.155µs
grafana-ages      | logger=migrator t=2025-06-24T03:09:31.446216918Z level=info msg="Executing migration" id="migrate contents column to mediumblob for MySQL"
grafana-ages      | logger=migrator t=2025-06-24T03:09:31.446257168Z level=info msg="Migration successfully executed" id="migrate contents column to mediumblob for MySQL" duration=43.217µs
grafana-ages      | logger=migrator t=2025-06-24T03:09:31.450846549Z level=info msg="Executing migration" id="managed permissions migration"
grafana-ages      | logger=migrator t=2025-06-24T03:09:31.451410722Z level=info msg="Migration successfully executed" id="managed permissions migration" duration=564.993µs
grafana-ages      | logger=migrator t=2025-06-24T03:09:31.455107567Z level=info msg="Executing migration" id="managed folder permissions alert actions migration"
grafana-ages      | logger=migrator t=2025-06-24T03:09:31.455435485Z level=info msg="Migration successfully executed" id="managed folder permissions alert actions migration" duration=329.042µs
grafana-ages      | logger=migrator t=2025-06-24T03:09:31.459340507Z level=info msg="Executing migration" id="RBAC action name migrator"
grafana-ages      | logger=migrator t=2025-06-24T03:09:31.461695406Z level=info msg="Migration successfully executed" id="RBAC action name migrator" duration=2.349308ms
grafana-ages      | logger=migrator t=2025-06-24T03:09:31.466180055Z level=info msg="Executing migration" id="Add UID column to playlist"
grafana-ages      | logger=migrator t=2025-06-24T03:09:31.475091697Z level=info msg="Migration successfully executed" id="Add UID column to playlist" duration=8.910604ms
grafana-ages      | logger=migrator t=2025-06-24T03:09:31.479312059Z level=info msg="Executing migration" id="Update uid column values in playlist"
grafana-ages      | logger=migrator t=2025-06-24T03:09:31.479763801Z level=info msg="Migration successfully executed" id="Update uid column values in playlist" duration=454.516µs
grafana-ages      | logger=migrator t=2025-06-24T03:09:31.48474887Z level=info msg="Executing migration" id="Add index for uid in playlist"
grafana-ages      | logger=migrator t=2025-06-24T03:09:31.486828248Z level=info msg="Migration successfully executed" id="Add index for uid in playlist" duration=2.085156ms
grafana-ages      | logger=migrator t=2025-06-24T03:09:31.490743729Z level=info msg="Executing migration" id="update group index for alert rules"
grafana-ages      | logger=migrator t=2025-06-24T03:09:31.491305898Z level=info msg="Migration successfully executed" id="update group index for alert rules" duration=563.763µs
grafana-ages      | logger=migrator t=2025-06-24T03:09:31.499061051Z level=info msg="Executing migration" id="managed folder permissions alert actions repeated migration"
grafana-ages      | logger=migrator t=2025-06-24T03:09:31.499718014Z level=info msg="Migration successfully executed" id="managed folder permissions alert actions repeated migration" duration=658.198µs
grafana-ages      | logger=migrator t=2025-06-24T03:09:31.504652106Z level=info msg="Executing migration" id="admin only folder/dashboard permission"
grafana-ages      | logger=migrator t=2025-06-24T03:09:31.505250988Z level=info msg="Migration successfully executed" id="admin only folder/dashboard permission" duration=599.418µs
grafana-ages      | logger=migrator t=2025-06-24T03:09:31.508971936Z level=info msg="Executing migration" id="add action column to seed_assignment"
grafana-ages      | logger=migrator t=2025-06-24T03:09:31.520004913Z level=info msg="Migration successfully executed" id="add action column to seed_assignment" duration=11.029806ms
grafana-ages      | logger=migrator t=2025-06-24T03:09:31.523786407Z level=info msg="Executing migration" id="add scope column to seed_assignment"
grafana-ages      | logger=migrator t=2025-06-24T03:09:31.531934899Z level=info msg="Migration successfully executed" id="add scope column to seed_assignment" duration=8.144587ms
grafana-ages      | logger=migrator t=2025-06-24T03:09:31.536223351Z level=info msg="Executing migration" id="remove unique index builtin_role_role_name before nullable update"
grafana-ages      | logger=migrator t=2025-06-24T03:09:31.538003333Z level=info msg="Migration successfully executed" id="remove unique index builtin_role_role_name before nullable update" duration=1.777821ms
grafana-ages      | logger=migrator t=2025-06-24T03:09:31.541784703Z level=info msg="Executing migration" id="update seed_assignment role_name column to nullable"
grafana-ages      | logger=migrator t=2025-06-24T03:09:31.639546177Z level=info msg="Migration successfully executed" id="update seed_assignment role_name column to nullable" duration=97.759566ms
grafana-ages      | logger=migrator t=2025-06-24T03:09:31.644620537Z level=info msg="Executing migration" id="add unique index builtin_role_name back"
grafana-ages      | logger=migrator t=2025-06-24T03:09:31.64662331Z level=info msg="Migration successfully executed" id="add unique index builtin_role_name back" duration=2.002194ms
grafana-ages      | logger=migrator t=2025-06-24T03:09:31.656482498Z level=info msg="Executing migration" id="add unique index builtin_role_action_scope"
grafana-ages      | logger=migrator t=2025-06-24T03:09:31.657894436Z level=info msg="Migration successfully executed" id="add unique index builtin_role_action_scope" duration=1.410705ms
grafana-ages      | logger=migrator t=2025-06-24T03:09:31.663554622Z level=info msg="Executing migration" id="add primary key to seed_assigment"
grafana-ages      | logger=migrator t=2025-06-24T03:09:31.693946927Z level=info msg="Migration successfully executed" id="add primary key to seed_assigment" duration=30.389802ms
grafana-ages      | logger=migrator t=2025-06-24T03:09:31.698241134Z level=info msg="Executing migration" id="add origin column to seed_assignment"
grafana-ages      | logger=migrator t=2025-06-24T03:09:31.70794612Z level=info msg="Migration successfully executed" id="add origin column to seed_assignment" duration=9.703793ms
grafana-ages      | logger=migrator t=2025-06-24T03:09:31.711613108Z level=info msg="Executing migration" id="add origin to plugin seed_assignment"
grafana-ages      | logger=migrator t=2025-06-24T03:09:31.711949477Z level=info msg="Migration successfully executed" id="add origin to plugin seed_assignment" duration=337.179µs
grafana-ages      | logger=migrator t=2025-06-24T03:09:31.718049216Z level=info msg="Executing migration" id="prevent seeding OnCall access"
grafana-ages      | logger=migrator t=2025-06-24T03:09:31.718280545Z level=info msg="Migration successfully executed" id="prevent seeding OnCall access" duration=233.095µs
grafana-ages      | logger=migrator t=2025-06-24T03:09:31.721900013Z level=info msg="Executing migration" id="managed folder permissions alert actions repeated fixed migration"
grafana-ages      | logger=migrator t=2025-06-24T03:09:31.722132593Z level=info msg="Migration successfully executed" id="managed folder permissions alert actions repeated fixed migration" duration=233.576µs
grafana-ages      | logger=migrator t=2025-06-24T03:09:31.725682328Z level=info msg="Executing migration" id="managed folder permissions library panel actions migration"
grafana-ages      | logger=migrator t=2025-06-24T03:09:31.72594778Z level=info msg="Migration successfully executed" id="managed folder permissions library panel actions migration" duration=267.209µs
grafana-ages      | logger=migrator t=2025-06-24T03:09:31.729719572Z level=info msg="Executing migration" id="migrate external alertmanagers to datsourcse"
grafana-ages      | logger=migrator t=2025-06-24T03:09:31.730125891Z level=info msg="Migration successfully executed" id="migrate external alertmanagers to datsourcse" duration=410.829µs
grafana-ages      | logger=migrator t=2025-06-24T03:09:31.734657256Z level=info msg="Executing migration" id="create folder table"
grafana-ages      | logger=migrator t=2025-06-24T03:09:31.735593728Z level=info msg="Migration successfully executed" id="create folder table" duration=952.064µs
grafana-ages      | logger=migrator t=2025-06-24T03:09:31.743275263Z level=info msg="Executing migration" id="Add index for parent_uid"
grafana-ages      | logger=migrator t=2025-06-24T03:09:31.744196525Z level=info msg="Migration successfully executed" id="Add index for parent_uid" duration=942.91µs
grafana-ages      | logger=migrator t=2025-06-24T03:09:31.748174795Z level=info msg="Executing migration" id="Add unique index for folder.uid and folder.org_id"
grafana-ages      | logger=migrator t=2025-06-24T03:09:31.749080793Z level=info msg="Migration successfully executed" id="Add unique index for folder.uid and folder.org_id" duration=905.958µs
grafana-ages      | logger=migrator t=2025-06-24T03:09:31.753044239Z level=info msg="Executing migration" id="Update folder title length"
grafana-ages      | logger=migrator t=2025-06-24T03:09:31.753125695Z level=info msg="Migration successfully executed" id="Update folder title length" duration=83.158µs
grafana-ages      | logger=migrator t=2025-06-24T03:09:31.757099471Z level=info msg="Executing migration" id="Add unique index for folder.title and folder.parent_uid"
grafana-ages      | logger=migrator t=2025-06-24T03:09:31.758157341Z level=info msg="Migration successfully executed" id="Add unique index for folder.title and folder.parent_uid" duration=1.057918ms
grafana-ages      | logger=migrator t=2025-06-24T03:09:31.761996638Z level=info msg="Executing migration" id="Remove unique index for folder.title and folder.parent_uid"
grafana-ages      | logger=migrator t=2025-06-24T03:09:31.763330525Z level=info msg="Migration successfully executed" id="Remove unique index for folder.title and folder.parent_uid" duration=1.331169ms
grafana-ages      | logger=migrator t=2025-06-24T03:09:31.767194952Z level=info msg="Executing migration" id="Add unique index for title, parent_uid, and org_id"
grafana-ages      | logger=migrator t=2025-06-24T03:09:31.768585227Z level=info msg="Migration successfully executed" id="Add unique index for title, parent_uid, and org_id" duration=1.390612ms
grafana-ages      | logger=migrator t=2025-06-24T03:09:31.77221349Z level=info msg="Executing migration" id="Sync dashboard and folder table"
grafana-ages      | logger=migrator t=2025-06-24T03:09:31.772616463Z level=info msg="Migration successfully executed" id="Sync dashboard and folder table" duration=402.494µs
grafana-ages      | logger=migrator t=2025-06-24T03:09:31.77608019Z level=info msg="Executing migration" id="Remove ghost folders from the folder table"
grafana-ages      | logger=migrator t=2025-06-24T03:09:31.776369791Z level=info msg="Migration successfully executed" id="Remove ghost folders from the folder table" duration=308.346µs
grafana-ages      | logger=migrator t=2025-06-24T03:09:31.77999753Z level=info msg="Executing migration" id="Remove unique index UQE_folder_uid_org_id"
grafana-ages      | logger=migrator t=2025-06-24T03:09:31.781641161Z level=info msg="Migration successfully executed" id="Remove unique index UQE_folder_uid_org_id" duration=1.644095ms
grafana-ages      | logger=migrator t=2025-06-24T03:09:31.785363667Z level=info msg="Executing migration" id="Add unique index UQE_folder_org_id_uid"
grafana-ages      | logger=migrator t=2025-06-24T03:09:31.786710905Z level=info msg="Migration successfully executed" id="Add unique index UQE_folder_org_id_uid" duration=1.347276ms
grafana-ages      | logger=migrator t=2025-06-24T03:09:31.790316262Z level=info msg="Executing migration" id="Remove unique index UQE_folder_title_parent_uid_org_id"
grafana-ages      | logger=migrator t=2025-06-24T03:09:31.791548852Z level=info msg="Migration successfully executed" id="Remove unique index UQE_folder_title_parent_uid_org_id" duration=1.237552ms
grafana-ages      | logger=migrator t=2025-06-24T03:09:31.798774075Z level=info msg="Executing migration" id="Add unique index UQE_folder_org_id_parent_uid_title"
grafana-ages      | logger=migrator t=2025-06-24T03:09:31.799929027Z level=info msg="Migration successfully executed" id="Add unique index UQE_folder_org_id_parent_uid_title" duration=1.156036ms
grafana-ages      | logger=migrator t=2025-06-24T03:09:31.803740406Z level=info msg="Executing migration" id="Remove index IDX_folder_parent_uid_org_id"
grafana-ages      | logger=migrator t=2025-06-24T03:09:31.804911307Z level=info msg="Migration successfully executed" id="Remove index IDX_folder_parent_uid_org_id" duration=1.189198ms
grafana-ages      | logger=migrator t=2025-06-24T03:09:31.808550055Z level=info msg="Executing migration" id="Remove unique index UQE_folder_org_id_parent_uid_title"
grafana-ages      | logger=migrator t=2025-06-24T03:09:31.809541518Z level=info msg="Migration successfully executed" id="Remove unique index UQE_folder_org_id_parent_uid_title" duration=992.055µs
grafana-ages      | logger=migrator t=2025-06-24T03:09:31.813554022Z level=info msg="Executing migration" id="create anon_device table"
grafana-ages      | logger=migrator t=2025-06-24T03:09:31.814768396Z level=info msg="Migration successfully executed" id="create anon_device table" duration=1.213593ms
grafana-ages      | logger=migrator t=2025-06-24T03:09:31.818736724Z level=info msg="Executing migration" id="add unique index anon_device.device_id"
grafana-ages      | logger=migrator t=2025-06-24T03:09:31.819754498Z level=info msg="Migration successfully executed" id="add unique index anon_device.device_id" duration=1.017859ms
grafana-ages      | logger=migrator t=2025-06-24T03:09:31.823494932Z level=info msg="Executing migration" id="add index anon_device.updated_at"
grafana-ages      | logger=migrator t=2025-06-24T03:09:31.824557037Z level=info msg="Migration successfully executed" id="add index anon_device.updated_at" duration=1.063304ms
grafana-ages      | logger=migrator t=2025-06-24T03:09:31.828287017Z level=info msg="Executing migration" id="create signing_key table"
grafana-ages      | logger=migrator t=2025-06-24T03:09:31.829287794Z level=info msg="Migration successfully executed" id="create signing_key table" duration=996.488µs
grafana-ages      | logger=migrator t=2025-06-24T03:09:31.833386501Z level=info msg="Executing migration" id="add unique index signing_key.key_id"
grafana-ages      | logger=migrator t=2025-06-24T03:09:31.834564801Z level=info msg="Migration successfully executed" id="add unique index signing_key.key_id" duration=1.189631ms
grafana-ages      | logger=migrator t=2025-06-24T03:09:31.840087363Z level=info msg="Executing migration" id="set legacy alert migration status in kvstore"
grafana-ages      | logger=migrator t=2025-06-24T03:09:31.841096196Z level=info msg="Migration successfully executed" id="set legacy alert migration status in kvstore" duration=1.007735ms
grafana-ages      | logger=migrator t=2025-06-24T03:09:31.847575174Z level=info msg="Executing migration" id="migrate record of created folders during legacy migration to kvstore"
grafana-ages      | logger=migrator t=2025-06-24T03:09:31.847974938Z level=info msg="Migration successfully executed" id="migrate record of created folders during legacy migration to kvstore" duration=402.375µs
grafana-ages      | logger=migrator t=2025-06-24T03:09:31.851727994Z level=info msg="Executing migration" id="Add folder_uid for dashboard"
grafana-ages      | logger=migrator t=2025-06-24T03:09:31.858561595Z level=info msg="Migration successfully executed" id="Add folder_uid for dashboard" duration=6.832157ms
grafana-ages      | logger=migrator t=2025-06-24T03:09:31.862168121Z level=info msg="Executing migration" id="Populate dashboard folder_uid column"
grafana-ages      | logger=migrator t=2025-06-24T03:09:31.863225489Z level=info msg="Migration successfully executed" id="Populate dashboard folder_uid column" duration=1.062043ms
grafana-ages      | logger=migrator t=2025-06-24T03:09:31.867182264Z level=info msg="Executing migration" id="Add unique index for dashboard_org_id_folder_uid_title"
grafana-ages      | logger=migrator t=2025-06-24T03:09:31.867217797Z level=info msg="Migration successfully executed" id="Add unique index for dashboard_org_id_folder_uid_title" duration=32.453µs
grafana-ages      | logger=migrator t=2025-06-24T03:09:31.871097547Z level=info msg="Executing migration" id="Delete unique index for dashboard_org_id_folder_id_title"
grafana-ages      | logger=migrator t=2025-06-24T03:09:31.872333462Z level=info msg="Migration successfully executed" id="Delete unique index for dashboard_org_id_folder_id_title" duration=1.240302ms
grafana-ages      | logger=migrator t=2025-06-24T03:09:31.875951948Z level=info msg="Executing migration" id="Delete unique index for dashboard_org_id_folder_uid_title"
grafana-ages      | logger=migrator t=2025-06-24T03:09:31.875976227Z level=info msg="Migration successfully executed" id="Delete unique index for dashboard_org_id_folder_uid_title" duration=26.538µs
grafana-ages      | logger=migrator t=2025-06-24T03:09:31.879897087Z level=info msg="Executing migration" id="Add unique index for dashboard_org_id_folder_uid_title_is_folder"
grafana-ages      | logger=migrator t=2025-06-24T03:09:31.881620999Z level=info msg="Migration successfully executed" id="Add unique index for dashboard_org_id_folder_uid_title_is_folder" duration=1.732886ms
grafana-ages      | logger=migrator t=2025-06-24T03:09:31.885263157Z level=info msg="Executing migration" id="Restore index for dashboard_org_id_folder_id_title"
grafana-ages      | logger=migrator t=2025-06-24T03:09:31.886303258Z level=info msg="Migration successfully executed" id="Restore index for dashboard_org_id_folder_id_title" duration=1.040577ms
grafana-ages      | logger=migrator t=2025-06-24T03:09:31.88994826Z level=info msg="Executing migration" id="Remove unique index for dashboard_org_id_folder_uid_title_is_folder"
grafana-ages      | logger=migrator t=2025-06-24T03:09:31.890850546Z level=info msg="Migration successfully executed" id="Remove unique index for dashboard_org_id_folder_uid_title_is_folder" duration=902.158µs
grafana-ages      | logger=migrator t=2025-06-24T03:09:31.895702431Z level=info msg="Executing migration" id="create sso_setting table"
grafana-ages      | logger=migrator t=2025-06-24T03:09:31.897213701Z level=info msg="Migration successfully executed" id="create sso_setting table" duration=1.508156ms
grafana-ages      | logger=migrator t=2025-06-24T03:09:31.902601325Z level=info msg="Executing migration" id="copy kvstore migration status to each org"
grafana-ages      | logger=migrator t=2025-06-24T03:09:31.903396993Z level=info msg="Migration successfully executed" id="copy kvstore migration status to each org" duration=797.62µs
grafana-ages      | logger=migrator t=2025-06-24T03:09:31.907963723Z level=info msg="Executing migration" id="add back entry for orgid=0 migrated status"
grafana-ages      | logger=migrator t=2025-06-24T03:09:31.908280836Z level=info msg="Migration successfully executed" id="add back entry for orgid=0 migrated status" duration=328.728µs
grafana-ages      | logger=migrator t=2025-06-24T03:09:31.912631431Z level=info msg="Executing migration" id="managed dashboard permissions annotation actions migration"
grafana-ages      | logger=migrator t=2025-06-24T03:09:31.913941925Z level=info msg="Migration successfully executed" id="managed dashboard permissions annotation actions migration" duration=1.31167ms
grafana-ages      | logger=migrator t=2025-06-24T03:09:31.917753754Z level=info msg="Executing migration" id="create cloud_migration table v1"
grafana-ages      | logger=migrator t=2025-06-24T03:09:31.9187992Z level=info msg="Migration successfully executed" id="create cloud_migration table v1" duration=1.044111ms
grafana-ages      | logger=migrator t=2025-06-24T03:09:31.922662532Z level=info msg="Executing migration" id="create cloud_migration_run table v1"
grafana-ages      | logger=migrator t=2025-06-24T03:09:31.923674988Z level=info msg="Migration successfully executed" id="create cloud_migration_run table v1" duration=1.006691ms
grafana-ages      | logger=migrator t=2025-06-24T03:09:31.927674727Z level=info msg="Executing migration" id="add stack_id column"
grafana-ages      | logger=migrator t=2025-06-24T03:09:31.937366592Z level=info msg="Migration successfully executed" id="add stack_id column" duration=9.689823ms
grafana-ages      | logger=migrator t=2025-06-24T03:09:31.941127966Z level=info msg="Executing migration" id="add region_slug column"
grafana-ages      | logger=migrator t=2025-06-24T03:09:31.950062386Z level=info msg="Migration successfully executed" id="add region_slug column" duration=8.932438ms
grafana-ages      | logger=migrator t=2025-06-24T03:09:31.955487403Z level=info msg="Executing migration" id="add cluster_slug column"
grafana-ages      | logger=migrator t=2025-06-24T03:09:31.961733709Z level=info msg="Migration successfully executed" id="add cluster_slug column" duration=6.230911ms
grafana-ages      | logger=migrator t=2025-06-24T03:09:31.96668071Z level=info msg="Executing migration" id="add migration uid column"
grafana-ages      | logger=migrator t=2025-06-24T03:09:31.976808454Z level=info msg="Migration successfully executed" id="add migration uid column" duration=10.126641ms
grafana-ages      | logger=migrator t=2025-06-24T03:09:31.983993008Z level=info msg="Executing migration" id="Update uid column values for migration"
grafana-ages      | logger=migrator t=2025-06-24T03:09:31.98420167Z level=info msg="Migration successfully executed" id="Update uid column values for migration" duration=209.971µs
grafana-ages      | logger=migrator t=2025-06-24T03:09:31.992946852Z level=info msg="Executing migration" id="Add unique index migration_uid"
grafana-ages      | logger=migrator t=2025-06-24T03:09:31.994604937Z level=info msg="Migration successfully executed" id="Add unique index migration_uid" duration=1.656003ms
grafana-ages      | logger=migrator t=2025-06-24T03:09:31.998981644Z level=info msg="Executing migration" id="add migration run uid column"
grafana-ages      | logger=migrator t=2025-06-24T03:09:32.014740088Z level=info msg="Migration successfully executed" id="add migration run uid column" duration=15.757323ms
grafana-ages      | logger=migrator t=2025-06-24T03:09:32.018586465Z level=info msg="Executing migration" id="Update uid column values for migration run"
grafana-ages      | logger=migrator t=2025-06-24T03:09:32.019314925Z level=info msg="Migration successfully executed" id="Update uid column values for migration run" duration=727.95µs
grafana-ages      | logger=migrator t=2025-06-24T03:09:32.023565893Z level=info msg="Executing migration" id="Add unique index migration_run_uid"
grafana-ages      | logger=migrator t=2025-06-24T03:09:32.026276021Z level=info msg="Migration successfully executed" id="Add unique index migration_run_uid" duration=2.70889ms
grafana-ages      | logger=migrator t=2025-06-24T03:09:32.031015206Z level=info msg="Executing migration" id="Rename table cloud_migration to cloud_migration_session_tmp_qwerty - v1"
grafana-ages      | logger=migrator t=2025-06-24T03:09:32.070716782Z level=info msg="Migration successfully executed" id="Rename table cloud_migration to cloud_migration_session_tmp_qwerty - v1" duration=39.7001ms
grafana-ages      | logger=migrator t=2025-06-24T03:09:32.077049056Z level=info msg="Executing migration" id="create cloud_migration_session v2"
grafana-ages      | logger=migrator t=2025-06-24T03:09:32.078094762Z level=info msg="Migration successfully executed" id="create cloud_migration_session v2" duration=1.060876ms
grafana-ages      | logger=migrator t=2025-06-24T03:09:32.085938639Z level=info msg="Executing migration" id="create index UQE_cloud_migration_session_uid - v2"
grafana-ages      | logger=migrator t=2025-06-24T03:09:32.087048237Z level=info msg="Migration successfully executed" id="create index UQE_cloud_migration_session_uid - v2" duration=1.109725ms
grafana-ages      | logger=migrator t=2025-06-24T03:09:32.090893652Z level=info msg="Executing migration" id="copy cloud_migration_session v1 to v2"
grafana-ages      | logger=migrator t=2025-06-24T03:09:32.091262326Z level=info msg="Migration successfully executed" id="copy cloud_migration_session v1 to v2" duration=387.51µs
grafana-ages      | logger=migrator t=2025-06-24T03:09:32.094728127Z level=info msg="Executing migration" id="drop cloud_migration_session_tmp_qwerty"
grafana-ages      | logger=migrator t=2025-06-24T03:09:32.096120918Z level=info msg="Migration successfully executed" id="drop cloud_migration_session_tmp_qwerty" duration=1.38489ms
grafana-ages      | logger=migrator t=2025-06-24T03:09:32.101256143Z level=info msg="Executing migration" id="Rename table cloud_migration_run to cloud_migration_snapshot_tmp_qwerty - v1"
grafana-ages      | logger=migrator t=2025-06-24T03:09:32.140411819Z level=info msg="Migration successfully executed" id="Rename table cloud_migration_run to cloud_migration_snapshot_tmp_qwerty - v1" duration=39.155274ms
grafana-ages      | logger=migrator t=2025-06-24T03:09:32.148892695Z level=info msg="Executing migration" id="create cloud_migration_snapshot v2"
grafana-ages      | logger=migrator t=2025-06-24T03:09:32.150192575Z level=info msg="Migration successfully executed" id="create cloud_migration_snapshot v2" duration=1.300191ms
grafana-ages      | logger=migrator t=2025-06-24T03:09:32.154257434Z level=info msg="Executing migration" id="create index UQE_cloud_migration_snapshot_uid - v2"
grafana-ages      | logger=migrator t=2025-06-24T03:09:32.156309295Z level=info msg="Migration successfully executed" id="create index UQE_cloud_migration_snapshot_uid - v2" duration=2.033215ms
grafana-ages      | logger=migrator t=2025-06-24T03:09:32.160223749Z level=info msg="Executing migration" id="copy cloud_migration_snapshot v1 to v2"
grafana-ages      | logger=migrator t=2025-06-24T03:09:32.160855127Z level=info msg="Migration successfully executed" id="copy cloud_migration_snapshot v1 to v2" duration=631.473µs
grafana-ages      | logger=migrator t=2025-06-24T03:09:32.164589965Z level=info msg="Executing migration" id="drop cloud_migration_snapshot_tmp_qwerty"
grafana-ages      | logger=migrator t=2025-06-24T03:09:32.165719214Z level=info msg="Migration successfully executed" id="drop cloud_migration_snapshot_tmp_qwerty" duration=1.127366ms
grafana-ages      | logger=migrator t=2025-06-24T03:09:32.169513004Z level=info msg="Executing migration" id="add snapshot upload_url column"
grafana-ages      | logger=migrator t=2025-06-24T03:09:32.17955379Z level=info msg="Migration successfully executed" id="add snapshot upload_url column" duration=10.038192ms
grafana-ages      | logger=migrator t=2025-06-24T03:09:32.184235232Z level=info msg="Executing migration" id="add snapshot status column"
grafana-ages      | logger=migrator t=2025-06-24T03:09:32.195047735Z level=info msg="Migration successfully executed" id="add snapshot status column" duration=10.819936ms
grafana-ages      | logger=migrator t=2025-06-24T03:09:32.200301972Z level=info msg="Executing migration" id="add snapshot local_directory column"
grafana-ages      | logger=migrator t=2025-06-24T03:09:32.210969955Z level=info msg="Migration successfully executed" id="add snapshot local_directory column" duration=10.668094ms
grafana-ages      | logger=migrator t=2025-06-24T03:09:32.217993914Z level=info msg="Executing migration" id="add snapshot gms_snapshot_uid column"
grafana-ages      | logger=migrator t=2025-06-24T03:09:32.229217147Z level=info msg="Migration successfully executed" id="add snapshot gms_snapshot_uid column" duration=11.224231ms
grafana-ages      | logger=migrator t=2025-06-24T03:09:32.235562594Z level=info msg="Executing migration" id="add snapshot encryption_key column"
grafana-ages      | logger=migrator t=2025-06-24T03:09:32.24709009Z level=info msg="Migration successfully executed" id="add snapshot encryption_key column" duration=11.540306ms
grafana-ages      | logger=migrator t=2025-06-24T03:09:32.25084141Z level=info msg="Executing migration" id="add snapshot error_string column"
grafana-ages      | logger=migrator t=2025-06-24T03:09:32.261289498Z level=info msg="Migration successfully executed" id="add snapshot error_string column" duration=10.446196ms
grafana-ages      | logger=migrator t=2025-06-24T03:09:32.264963852Z level=info msg="Executing migration" id="create cloud_migration_resource table v1"
grafana-ages      | logger=migrator t=2025-06-24T03:09:32.266165714Z level=info msg="Migration successfully executed" id="create cloud_migration_resource table v1" duration=1.200194ms
grafana-ages      | logger=migrator t=2025-06-24T03:09:32.270275185Z level=info msg="Executing migration" id="delete cloud_migration_snapshot.result column"
grafana-ages      | logger=migrator t=2025-06-24T03:09:32.314039866Z level=info msg="Migration successfully executed" id="delete cloud_migration_snapshot.result column" duration=43.756322ms
grafana-ages      | logger=migrator t=2025-06-24T03:09:32.318159314Z level=info msg="Executing migration" id="add cloud_migration_resource.name column"
grafana-ages      | logger=migrator t=2025-06-24T03:09:32.328959807Z level=info msg="Migration successfully executed" id="add cloud_migration_resource.name column" duration=10.798064ms
grafana-ages      | logger=migrator t=2025-06-24T03:09:32.340472243Z level=info msg="Executing migration" id="add cloud_migration_resource.parent_name column"
grafana-ages      | logger=migrator t=2025-06-24T03:09:32.359537045Z level=info msg="Migration successfully executed" id="add cloud_migration_resource.parent_name column" duration=19.063429ms
grafana-ages      | logger=migrator t=2025-06-24T03:09:32.365898628Z level=info msg="Executing migration" id="add cloud_migration_session.org_id column"
grafana-ages      | logger=migrator t=2025-06-24T03:09:32.379499582Z level=info msg="Migration successfully executed" id="add cloud_migration_session.org_id column" duration=13.59757ms
grafana-ages      | logger=migrator t=2025-06-24T03:09:32.38717281Z level=info msg="Executing migration" id="add cloud_migration_resource.error_code column"
grafana-ages      | logger=migrator t=2025-06-24T03:09:32.400683241Z level=info msg="Migration successfully executed" id="add cloud_migration_resource.error_code column" duration=13.5094ms
grafana-ages      | logger=migrator t=2025-06-24T03:09:32.406001804Z level=info msg="Executing migration" id="increase resource_uid column length"
grafana-ages      | logger=migrator t=2025-06-24T03:09:32.406030962Z level=info msg="Migration successfully executed" id="increase resource_uid column length" duration=31.825µs
grafana-ages      | logger=migrator t=2025-06-24T03:09:32.409788707Z level=info msg="Executing migration" id="alter kv_store.value to longtext"
grafana-ages      | logger=migrator t=2025-06-24T03:09:32.409814117Z level=info msg="Migration successfully executed" id="alter kv_store.value to longtext" duration=27.877µs
grafana-ages      | logger=migrator t=2025-06-24T03:09:32.413770259Z level=info msg="Executing migration" id="add notification_settings column to alert_rule table"
grafana-ages      | logger=migrator t=2025-06-24T03:09:32.425744975Z level=info msg="Migration successfully executed" id="add notification_settings column to alert_rule table" duration=11.975218ms
grafana-ages      | logger=migrator t=2025-06-24T03:09:32.431015376Z level=info msg="Executing migration" id="add notification_settings column to alert_rule_version table"
grafana-ages      | logger=migrator t=2025-06-24T03:09:32.444228229Z level=info msg="Migration successfully executed" id="add notification_settings column to alert_rule_version table" duration=13.210693ms
grafana-ages      | logger=migrator t=2025-06-24T03:09:32.452182364Z level=info msg="Executing migration" id="removing scope from alert.instances:read action migration"
grafana-ages      | logger=migrator t=2025-06-24T03:09:32.452722304Z level=info msg="Migration successfully executed" id="removing scope from alert.instances:read action migration" duration=539.655µs
grafana-ages      | logger=migrator t=2025-06-24T03:09:32.458315239Z level=info msg="Executing migration" id="managed folder permissions alerting silences actions migration"
grafana-ages      | logger=migrator t=2025-06-24T03:09:32.458698011Z level=info msg="Migration successfully executed" id="managed folder permissions alerting silences actions migration" duration=384.09µs
grafana-ages      | logger=migrator t=2025-06-24T03:09:32.465708309Z level=info msg="Executing migration" id="add record column to alert_rule table"
grafana-ages      | logger=migrator t=2025-06-24T03:09:32.477518975Z level=info msg="Migration successfully executed" id="add record column to alert_rule table" duration=11.808866ms
grafana-ages      | logger=migrator t=2025-06-24T03:09:32.482597789Z level=info msg="Executing migration" id="add record column to alert_rule_version table"
grafana-ages      | logger=migrator t=2025-06-24T03:09:32.493458545Z level=info msg="Migration successfully executed" id="add record column to alert_rule_version table" duration=10.858761ms
grafana-ages      | logger=migrator t=2025-06-24T03:09:32.504088962Z level=info msg="Executing migration" id="add resolved_at column to alert_instance table"
grafana-ages      | logger=migrator t=2025-06-24T03:09:32.525296259Z level=info msg="Migration successfully executed" id="add resolved_at column to alert_instance table" duration=21.200957ms
grafana-ages      | logger=migrator t=2025-06-24T03:09:32.528891657Z level=info msg="Executing migration" id="add last_sent_at column to alert_instance table"
grafana-ages      | logger=migrator t=2025-06-24T03:09:32.551264687Z level=info msg="Migration successfully executed" id="add last_sent_at column to alert_instance table" duration=22.370586ms
grafana-ages      | logger=migrator t=2025-06-24T03:09:32.556461739Z level=info msg="Executing migration" id="Add scope to alert.notifications.receivers:read and alert.notifications.receivers.secrets:read"
grafana-ages      | logger=migrator t=2025-06-24T03:09:32.558778097Z level=info msg="Migration successfully executed" id="Add scope to alert.notifications.receivers:read and alert.notifications.receivers.secrets:read" duration=2.313406ms
grafana-ages      | logger=migrator t=2025-06-24T03:09:32.564556922Z level=info msg="Executing migration" id="add metadata column to alert_rule table"
grafana-ages      | logger=migrator t=2025-06-24T03:09:32.575276655Z level=info msg="Migration successfully executed" id="add metadata column to alert_rule table" duration=10.719198ms
grafana-ages      | logger=migrator t=2025-06-24T03:09:32.579656949Z level=info msg="Executing migration" id="add metadata column to alert_rule_version table"
grafana-ages      | logger=migrator t=2025-06-24T03:09:32.593647335Z level=info msg="Migration successfully executed" id="add metadata column to alert_rule_version table" duration=14.019932ms
grafana-ages      | logger=migrator t=2025-06-24T03:09:32.600960646Z level=info msg="Executing migration" id="delete orphaned service account permissions"
grafana-ages      | logger=migrator t=2025-06-24T03:09:32.601264482Z level=info msg="Migration successfully executed" id="delete orphaned service account permissions" duration=304.551µs
grafana-ages      | logger=migrator t=2025-06-24T03:09:32.605594979Z level=info msg="Executing migration" id="adding action set permissions"
grafana-ages      | logger=migrator t=2025-06-24T03:09:32.606830609Z level=info msg="Migration successfully executed" id="adding action set permissions" duration=1.234679ms
grafana-ages      | logger=migrator t=2025-06-24T03:09:32.611821202Z level=info msg="Executing migration" id="create user_external_session table"
grafana-ages      | logger=migrator t=2025-06-24T03:09:32.613615748Z level=info msg="Migration successfully executed" id="create user_external_session table" duration=1.78792ms
grafana-ages      | logger=migrator t=2025-06-24T03:09:32.623331525Z level=info msg="Executing migration" id="increase name_id column length to 1024"
grafana-ages      | logger=migrator t=2025-06-24T03:09:32.623369846Z level=info msg="Migration successfully executed" id="increase name_id column length to 1024" duration=43.389µs
grafana-ages      | logger=migrator t=2025-06-24T03:09:32.627725832Z level=info msg="Executing migration" id="increase session_id column length to 1024"
grafana-ages      | logger=migrator t=2025-06-24T03:09:32.627809025Z level=info msg="Migration successfully executed" id="increase session_id column length to 1024" duration=86.13µs
grafana-ages      | logger=migrator t=2025-06-24T03:09:32.63265629Z level=info msg="Executing migration" id="remove scope from alert.notifications.receivers:create"
grafana-ages      | logger=migrator t=2025-06-24T03:09:32.633853643Z level=info msg="Migration successfully executed" id="remove scope from alert.notifications.receivers:create" duration=1.196738ms
grafana-ages      | logger=migrator t=2025-06-24T03:09:32.642980113Z level=info msg="Executing migration" id="add created_by column to alert_rule_version table"
grafana-ages      | logger=migrator t=2025-06-24T03:09:32.65420169Z level=info msg="Migration successfully executed" id="add created_by column to alert_rule_version table" duration=11.219648ms
grafana-ages      | logger=migrator t=2025-06-24T03:09:32.664369533Z level=info msg="Executing migration" id="add updated_by column to alert_rule table"
grafana-ages      | logger=migrator t=2025-06-24T03:09:32.680686446Z level=info msg="Migration successfully executed" id="add updated_by column to alert_rule table" duration=16.315628ms
grafana-ages      | logger=migrator t=2025-06-24T03:09:32.688099242Z level=info msg="Executing migration" id="add alert_rule_state table"
grafana-ages      | logger=migrator t=2025-06-24T03:09:32.68946924Z level=info msg="Migration successfully executed" id="add alert_rule_state table" duration=1.368896ms
grafana-ages      | logger=migrator t=2025-06-24T03:09:32.69434124Z level=info msg="Executing migration" id="add index to alert_rule_state on org_id and rule_uid columns"
grafana-ages      | logger=migrator t=2025-06-24T03:09:32.696334586Z level=info msg="Migration successfully executed" id="add index to alert_rule_state on org_id and rule_uid columns" duration=1.990263ms
grafana-ages      | logger=migrator t=2025-06-24T03:09:32.700919638Z level=info msg="Executing migration" id="add guid column to alert_rule table"
grafana-ages      | logger=migrator t=2025-06-24T03:09:32.715608465Z level=info msg="Migration successfully executed" id="add guid column to alert_rule table" duration=14.687456ms
grafana-ages      | logger=migrator t=2025-06-24T03:09:32.71962293Z level=info msg="Executing migration" id="add rule_guid column to alert_rule_version table"
grafana-ages      | logger=migrator t=2025-06-24T03:09:32.731268554Z level=info msg="Migration successfully executed" id="add rule_guid column to alert_rule_version table" duration=11.639701ms
grafana-ages      | logger=migrator t=2025-06-24T03:09:32.736574831Z level=info msg="Executing migration" id="cleanup alert_rule_version table"
grafana-ages      | logger=migrator t=2025-06-24T03:09:32.736754014Z level=info msg="Rule version record limit is not set, fallback to 100" limit=0
grafana-ages      | logger=migrator t=2025-06-24T03:09:32.737208743Z level=info msg="Cleaning up table `alert_rule_version`" batchSize=50 batches=0 keepVersions=100
grafana-ages      | logger=migrator t=2025-06-24T03:09:32.737341774Z level=info msg="Migration successfully executed" id="cleanup alert_rule_version table" duration=768.128µs
grafana-ages      | logger=migrator t=2025-06-24T03:09:32.74098131Z level=info msg="Executing migration" id="populate rule guid in alert rule table"
grafana-ages      | logger=migrator t=2025-06-24T03:09:32.741688185Z level=info msg="Migration successfully executed" id="populate rule guid in alert rule table" duration=706.696µs
grafana-ages      | logger=migrator t=2025-06-24T03:09:32.745397938Z level=info msg="Executing migration" id="drop index in alert_rule_version table on rule_org_id, rule_uid and version columns"
grafana-ages      | logger=migrator t=2025-06-24T03:09:32.746902262Z level=info msg="Migration successfully executed" id="drop index in alert_rule_version table on rule_org_id, rule_uid and version columns" duration=1.495888ms
grafana-ages      | logger=migrator t=2025-06-24T03:09:32.751608593Z level=info msg="Executing migration" id="add index in alert_rule_version table on rule_org_id, rule_uid, rule_guid and version columns"
grafana-ages      | logger=migrator t=2025-06-24T03:09:32.753474669Z level=info msg="Migration successfully executed" id="add index in alert_rule_version table on rule_org_id, rule_uid, rule_guid and version columns" duration=1.86402ms
grafana-ages      | logger=migrator t=2025-06-24T03:09:32.758798697Z level=info msg="Executing migration" id="add index in alert_rule_version table on rule_guid and version columns"
grafana-ages      | logger=migrator t=2025-06-24T03:09:32.75977712Z level=info msg="Migration successfully executed" id="add index in alert_rule_version table on rule_guid and version columns" duration=999.8µs
grafana-ages      | logger=migrator t=2025-06-24T03:09:32.766000272Z level=info msg="Executing migration" id="add index in alert_rule table on guid columns"
grafana-ages      | logger=migrator t=2025-06-24T03:09:32.767562233Z level=info msg="Migration successfully executed" id="add index in alert_rule table on guid columns" duration=1.558577ms
grafana-ages      | logger=migrator t=2025-06-24T03:09:32.772528096Z level=info msg="Executing migration" id="add keep_firing_for column to alert_rule"
grafana-ages      | logger=migrator t=2025-06-24T03:09:32.781787039Z level=info msg="Migration successfully executed" id="add keep_firing_for column to alert_rule" duration=9.257366ms
grafana-ages      | logger=migrator t=2025-06-24T03:09:32.785932708Z level=info msg="Executing migration" id="add keep_firing_for column to alert_rule_version"
grafana-ages      | logger=migrator t=2025-06-24T03:09:32.794049921Z level=info msg="Migration successfully executed" id="add keep_firing_for column to alert_rule_version" duration=8.136657ms
grafana-ages      | logger=migrator t=2025-06-24T03:09:32.799649823Z level=info msg="Executing migration" id="add missing_series_evals_to_resolve column to alert_rule"
grafana-ages      | logger=migrator t=2025-06-24T03:09:32.810156542Z level=info msg="Migration successfully executed" id="add missing_series_evals_to_resolve column to alert_rule" duration=10.504779ms
grafana-ages      | logger=migrator t=2025-06-24T03:09:32.8160917Z level=info msg="Executing migration" id="add missing_series_evals_to_resolve column to alert_rule_version"
grafana-ages      | logger=migrator t=2025-06-24T03:09:32.825599636Z level=info msg="Migration successfully executed" id="add missing_series_evals_to_resolve column to alert_rule_version" duration=9.508927ms
grafana-ages      | logger=migrator t=2025-06-24T03:09:32.831946187Z level=info msg="Executing migration" id="remove the datasources:drilldown action"
grafana-ages      | logger=migrator t=2025-06-24T03:09:32.83220547Z level=info msg="Removed 0 datasources:drilldown permissions"
grafana-ages      | logger=migrator t=2025-06-24T03:09:32.832222621Z level=info msg="Migration successfully executed" id="remove the datasources:drilldown action" duration=278.569µs
grafana-ages      | logger=migrator t=2025-06-24T03:09:32.837379243Z level=info msg="Executing migration" id="remove title in folder unique index"
grafana-ages      | logger=migrator t=2025-06-24T03:09:32.838787914Z level=info msg="Migration successfully executed" id="remove title in folder unique index" duration=1.407466ms
grafana-ages      | logger=migrator t=2025-06-24T03:09:32.844687745Z level=info msg="migrations completed" performed=654 skipped=0 duration=5.350044673s
grafana-ages      | logger=migrator t=2025-06-24T03:09:32.845321147Z level=info msg="Unlocking database"
grafana-ages      | logger=sqlstore t=2025-06-24T03:09:32.882023237Z level=info msg="Created default admin" user=admin
grafana-ages      | logger=sqlstore t=2025-06-24T03:09:32.882362721Z level=info msg="Created default organization"
grafana-ages      | logger=secrets t=2025-06-24T03:09:32.89310685Z level=info msg="Envelope encryption state" enabled=true currentprovider=secretKey.v1
grafana-ages      | logger=plugin.angulardetectorsprovider.dynamic t=2025-06-24T03:09:32.998657644Z level=info msg="Restored cache from database" duration=511.628µs
grafana-ages      | logger=resource-migrator t=2025-06-24T03:09:33.011524658Z level=info msg="Locking database"
grafana-ages      | logger=resource-migrator t=2025-06-24T03:09:33.011703577Z level=info msg="Starting DB migrations"
grafana-ages      | logger=resource-migrator t=2025-06-24T03:09:33.024892989Z level=info msg="Executing migration" id="create resource_migration_log table"
grafana-ages      | logger=resource-migrator t=2025-06-24T03:09:33.026409534Z level=info msg="Migration successfully executed" id="create resource_migration_log table" duration=1.509545ms
grafana-ages      | logger=resource-migrator t=2025-06-24T03:09:33.034738935Z level=info msg="Executing migration" id="Initialize resource tables"
grafana-ages      | logger=resource-migrator t=2025-06-24T03:09:33.034981998Z level=info msg="Migration successfully executed" id="Initialize resource tables" duration=245.712µs
grafana-ages      | logger=resource-migrator t=2025-06-24T03:09:33.041269001Z level=info msg="Executing migration" id="drop table resource"
grafana-ages      | logger=resource-migrator t=2025-06-24T03:09:33.041718248Z level=info msg="Migration successfully executed" id="drop table resource" duration=449.468µs
grafana-ages      | logger=resource-migrator t=2025-06-24T03:09:33.045752382Z level=info msg="Executing migration" id="create table resource"
grafana-ages      | logger=resource-migrator t=2025-06-24T03:09:33.048055515Z level=info msg="Migration successfully executed" id="create table resource" duration=2.301627ms
grafana-ages      | logger=resource-migrator t=2025-06-24T03:09:33.053981344Z level=info msg="Executing migration" id="create table resource, index: 0"
grafana-ages      | logger=resource-migrator t=2025-06-24T03:09:33.05594172Z level=info msg="Migration successfully executed" id="create table resource, index: 0" duration=1.957716ms
grafana-ages      | logger=resource-migrator t=2025-06-24T03:09:33.061180428Z level=info msg="Executing migration" id="drop table resource_history"
grafana-ages      | logger=resource-migrator t=2025-06-24T03:09:33.061309055Z level=info msg="Migration successfully executed" id="drop table resource_history" duration=130.467µs
grafana-ages      | logger=resource-migrator t=2025-06-24T03:09:33.066668251Z level=info msg="Executing migration" id="create table resource_history"
grafana-ages      | logger=resource-migrator t=2025-06-24T03:09:33.067907569Z level=info msg="Migration successfully executed" id="create table resource_history" duration=1.237686ms
grafana-ages      | logger=resource-migrator t=2025-06-24T03:09:33.071814494Z level=info msg="Executing migration" id="create table resource_history, index: 0"
grafana-ages      | logger=resource-migrator t=2025-06-24T03:09:33.073314135Z level=info msg="Migration successfully executed" id="create table resource_history, index: 0" duration=1.499987ms
grafana-ages      | logger=resource-migrator t=2025-06-24T03:09:33.077167249Z level=info msg="Executing migration" id="create table resource_history, index: 1"
grafana-ages      | logger=resource-migrator t=2025-06-24T03:09:33.078429143Z level=info msg="Migration successfully executed" id="create table resource_history, index: 1" duration=1.262319ms
grafana-ages      | logger=resource-migrator t=2025-06-24T03:09:33.082936276Z level=info msg="Executing migration" id="drop table resource_version"
grafana-ages      | logger=resource-migrator t=2025-06-24T03:09:33.083189147Z level=info msg="Migration successfully executed" id="drop table resource_version" duration=255.012µs
grafana-ages      | logger=resource-migrator t=2025-06-24T03:09:33.087124829Z level=info msg="Executing migration" id="create table resource_version"
grafana-ages      | logger=resource-migrator t=2025-06-24T03:09:33.08847099Z level=info msg="Migration successfully executed" id="create table resource_version" duration=1.337968ms
grafana-ages      | logger=resource-migrator t=2025-06-24T03:09:33.094051007Z level=info msg="Executing migration" id="create table resource_version, index: 0"
grafana-ages      | logger=resource-migrator t=2025-06-24T03:09:33.09507368Z level=info msg="Migration successfully executed" id="create table resource_version, index: 0" duration=1.021087ms
grafana-ages      | logger=resource-migrator t=2025-06-24T03:09:33.099087267Z level=info msg="Executing migration" id="drop table resource_blob"
grafana-ages      | logger=resource-migrator t=2025-06-24T03:09:33.099207229Z level=info msg="Migration successfully executed" id="drop table resource_blob" duration=121.265µs
grafana-ages      | logger=resource-migrator t=2025-06-24T03:09:33.103904899Z level=info msg="Executing migration" id="create table resource_blob"
grafana-ages      | logger=resource-migrator t=2025-06-24T03:09:33.105372408Z level=info msg="Migration successfully executed" id="create table resource_blob" duration=1.468439ms
grafana-ages      | logger=resource-migrator t=2025-06-24T03:09:33.109368108Z level=info msg="Executing migration" id="create table resource_blob, index: 0"
grafana-ages      | logger=resource-migrator t=2025-06-24T03:09:33.110791725Z level=info msg="Migration successfully executed" id="create table resource_blob, index: 0" duration=1.443551ms
grafana-ages      | logger=resource-migrator t=2025-06-24T03:09:33.114985444Z level=info msg="Executing migration" id="create table resource_blob, index: 1"
grafana-ages      | logger=resource-migrator t=2025-06-24T03:09:33.116331042Z level=info msg="Migration successfully executed" id="create table resource_blob, index: 1" duration=1.344355ms
grafana-ages      | logger=resource-migrator t=2025-06-24T03:09:33.12075254Z level=info msg="Executing migration" id="Add column previous_resource_version in resource_history"
grafana-ages      | logger=resource-migrator t=2025-06-24T03:09:33.132125664Z level=info msg="Migration successfully executed" id="Add column previous_resource_version in resource_history" duration=11.38264ms
grafana-ages      | logger=resource-migrator t=2025-06-24T03:09:33.13591572Z level=info msg="Executing migration" id="Add column previous_resource_version in resource"
grafana-ages      | logger=resource-migrator t=2025-06-24T03:09:33.144442389Z level=info msg="Migration successfully executed" id="Add column previous_resource_version in resource" duration=8.525249ms
grafana-ages      | logger=resource-migrator t=2025-06-24T03:09:33.148404402Z level=info msg="Executing migration" id="Add index to resource_history for polling"
grafana-ages      | logger=resource-migrator t=2025-06-24T03:09:33.149755714Z level=info msg="Migration successfully executed" id="Add index to resource_history for polling" duration=1.349753ms
grafana-ages      | logger=resource-migrator t=2025-06-24T03:09:33.153889967Z level=info msg="Executing migration" id="Add index to resource for loading"
grafana-ages      | logger=resource-migrator t=2025-06-24T03:09:33.154868953Z level=info msg="Migration successfully executed" id="Add index to resource for loading" duration=979.567µs
grafana-ages      | logger=resource-migrator t=2025-06-24T03:09:33.158602638Z level=info msg="Executing migration" id="Add column folder in resource_history"
grafana-ages      | logger=resource-migrator t=2025-06-24T03:09:33.167636197Z level=info msg="Migration successfully executed" id="Add column folder in resource_history" duration=9.048507ms
grafana-ages      | logger=resource-migrator t=2025-06-24T03:09:33.17143226Z level=info msg="Executing migration" id="Add column folder in resource"
grafana-ages      | logger=resource-migrator t=2025-06-24T03:09:33.181555451Z level=info msg="Migration successfully executed" id="Add column folder in resource" duration=10.117806ms
grafana-ages      | logger=resource-migrator t=2025-06-24T03:09:33.185681545Z level=info msg="Executing migration" id="Migrate DeletionMarkers to real Resource objects"
grafana-ages      | logger=deletion-marker-migrator t=2025-06-24T03:09:33.185715043Z level=info msg="finding any deletion markers"
grafana-ages      | logger=resource-migrator t=2025-06-24T03:09:33.186193418Z level=info msg="Migration successfully executed" id="Migrate DeletionMarkers to real Resource objects" duration=512.998µs
grafana-ages      | logger=resource-migrator t=2025-06-24T03:09:33.19190806Z level=info msg="Executing migration" id="Add index to resource_history for get trash"
grafana-ages      | logger=resource-migrator t=2025-06-24T03:09:33.194132077Z level=info msg="Migration successfully executed" id="Add index to resource_history for get trash" duration=2.223615ms
grafana-ages      | logger=resource-migrator t=2025-06-24T03:09:33.198331588Z level=info msg="Executing migration" id="Add generation to resource history"
grafana-ages      | logger=resource-migrator t=2025-06-24T03:09:33.212205018Z level=info msg="Migration successfully executed" id="Add generation to resource history" duration=13.872049ms
grafana-ages      | logger=resource-migrator t=2025-06-24T03:09:33.218844084Z level=info msg="Executing migration" id="Add generation index to resource history"
grafana-ages      | logger=resource-migrator t=2025-06-24T03:09:33.220408883Z level=info msg="Migration successfully executed" id="Add generation index to resource history" duration=1.562939ms
grafana-ages      | logger=resource-migrator t=2025-06-24T03:09:33.2272264Z level=info msg="migrations completed" performed=26 skipped=0 duration=202.431637ms
grafana-ages      | logger=resource-migrator t=2025-06-24T03:09:33.227997883Z level=info msg="Unlocking database"
grafana-ages      | t=2025-06-24T03:09:33.228320147Z level=info caller=logger.go:214 time=2025-06-24T03:09:33.228301954Z msg="Using channel notifier" logger=sql-resource-server
grafana-ages      | logger=plugin.store t=2025-06-24T03:09:33.239493694Z level=info msg="Loading plugins..."
grafana-ages      | logger=plugins.registration t=2025-06-24T03:09:33.308522787Z level=error msg="Could not register plugin" pluginId=table error="plugin table is already registered"
grafana-ages      | logger=plugins.initialization t=2025-06-24T03:09:33.308542591Z level=error msg="Could not initialize plugin" pluginId=table error="plugin table is already registered"
grafana-ages      | logger=plugin.store t=2025-06-24T03:09:33.308573865Z level=info msg="Plugins loaded" count=53 duration=69.081513ms
grafana-ages      | logger=query_data t=2025-06-24T03:09:33.313953044Z level=info msg="Query Service initialization"
grafana-ages      | logger=live.push_http t=2025-06-24T03:09:33.319356494Z level=info msg="Live Push Gateway initialization"
grafana-ages      | logger=ngalert.notifier.alertmanager org=1 t=2025-06-24T03:09:33.33403405Z level=info msg="Applying new configuration to Alertmanager" configHash=d2c56faca6af2a5772ff4253222f7386
grafana-ages      | logger=ngalert t=2025-06-24T03:09:33.34202788Z level=info msg="Using simple database alert instance store"
grafana-ages      | logger=ngalert.state.manager.persist t=2025-06-24T03:09:33.342421466Z level=info msg="Using sync state persister"
grafana-ages      | logger=infra.usagestats.collector t=2025-06-24T03:09:33.34526404Z level=info msg="registering usage stat providers" usageStatsProvidersLen=2
grafana-ages      | logger=grafanaStorageLogger t=2025-06-24T03:09:33.345715548Z level=info msg="Storage starting"
grafana-ages      | logger=plugin.backgroundinstaller t=2025-06-24T03:09:33.346525117Z level=info msg="Installing plugin" pluginId=grafana-lokiexplore-app version=
grafana-ages      | logger=http.server t=2025-06-24T03:09:33.348327648Z level=info msg="HTTP Server Listen" address=[::]:3000 protocol=http subUrl= socket=
grafana-ages      | logger=ngalert.state.manager t=2025-06-24T03:09:33.349128012Z level=info msg="Warming state cache for startup"
grafana-ages      | logger=ngalert.multiorg.alertmanager t=2025-06-24T03:09:33.358501263Z level=info msg="Starting MultiOrg Alertmanager"
grafana-ages      | logger=sqlstore.transactions t=2025-06-24T03:09:33.433565065Z level=info msg="Database locked, sleeping then retrying" error="database is locked" retry=0
grafana-ages      | logger=provisioning.alerting t=2025-06-24T03:09:33.433679548Z level=info msg="starting to provision alerting"
grafana-ages      | logger=provisioning.alerting t=2025-06-24T03:09:33.433694756Z level=info msg="finished to provision alerting"
grafana-ages      | logger=provisioning.dashboard t=2025-06-24T03:09:33.443723602Z level=info msg="starting to provision dashboards"
grafana-ages      | logger=provisioning.dashboard t=2025-06-24T03:09:33.443938566Z level=info msg="finished to provision dashboards"
grafana-ages      | logger=ngalert.state.manager t=2025-06-24T03:09:33.462825425Z level=info msg="State cache has been initialized" states=0 duration=113.693236ms
grafana-ages      | logger=ngalert.scheduler t=2025-06-24T03:09:33.462907466Z level=info msg="Starting scheduler" tickInterval=10s maxAttempts=3
grafana-ages      | logger=ticker t=2025-06-24T03:09:33.462983329Z level=info msg=starting first_tick=2025-06-24T03:09:40Z
grafana-ages      | logger=plugins.update.checker t=2025-06-24T03:09:33.629427984Z level=info msg="Update check succeeded" duration=279.633836ms
grafana-ages      | logger=grafana.update.checker t=2025-06-24T03:09:33.640447784Z level=info msg="Update check succeeded" duration=290.376499ms
grafana-ages      | logger=plugin.angulardetectorsprovider.dynamic t=2025-06-24T03:09:33.666527083Z level=info msg="Patterns update finished" duration=194.032108ms
grafana-ages      | logger=grafana-apiserver t=2025-06-24T03:09:34.532093866Z level=info msg="Adding GroupVersion folder.grafana.app v1beta1 to ResourceManager"
grafana-ages      | logger=grafana-apiserver t=2025-06-24T03:09:34.533990253Z level=info msg="Adding GroupVersion iam.grafana.app v0alpha1 to ResourceManager"
grafana-ages      | logger=grafana-apiserver t=2025-06-24T03:09:34.536008118Z level=info msg="Adding GroupVersion notifications.alerting.grafana.app v0alpha1 to ResourceManager"
grafana-ages      | logger=grafana-apiserver t=2025-06-24T03:09:34.53696325Z level=info msg="Adding GroupVersion userstorage.grafana.app v0alpha1 to ResourceManager"
grafana-ages      | logger=grafana-apiserver t=2025-06-24T03:09:34.537941475Z level=info msg="Adding GroupVersion playlist.grafana.app v0alpha1 to ResourceManager"
grafana-ages      | logger=grafana-apiserver t=2025-06-24T03:09:34.542615807Z level=info msg="Adding GroupVersion dashboard.grafana.app v1beta1 to ResourceManager"
grafana-ages      | logger=grafana-apiserver t=2025-06-24T03:09:34.543330184Z level=info msg="Adding GroupVersion dashboard.grafana.app v0alpha1 to ResourceManager"
grafana-ages      | logger=grafana-apiserver t=2025-06-24T03:09:34.543894451Z level=info msg="Adding GroupVersion dashboard.grafana.app v2alpha1 to ResourceManager"
grafana-ages      | logger=grafana-apiserver t=2025-06-24T03:09:34.544575794Z level=info msg="Adding GroupVersion featuretoggle.grafana.app v0alpha1 to ResourceManager"
grafana-ages      | logger=app-registry t=2025-06-24T03:09:34.592393044Z level=info msg="app registry initialized"
grafana-ages      | logger=plugin.installer t=2025-06-24T03:09:34.749871325Z level=info msg="Installing plugin" pluginId=grafana-lokiexplore-app version=
grafana-ages      | logger=installer.fs t=2025-06-24T03:09:34.899967018Z level=info msg="Downloaded and extracted grafana-lokiexplore-app v1.0.18 zip successfully to /var/lib/grafana/plugins/grafana-lokiexplore-app"
grafana-ages      | logger=plugins.registration t=2025-06-24T03:09:34.96435585Z level=info msg="Plugin registered" pluginId=grafana-lokiexplore-app
grafana-ages      | logger=plugin.backgroundinstaller t=2025-06-24T03:09:34.964394867Z level=info msg="Plugin successfully installed" pluginId=grafana-lokiexplore-app version= duration=1.617703124s
grafana-ages      | logger=plugin.backgroundinstaller t=2025-06-24T03:09:34.964411206Z level=info msg="Installing plugin" pluginId=grafana-pyroscope-app version=
grafana-ages      | logger=plugin.installer t=2025-06-24T03:09:35.387702254Z level=info msg="Installing plugin" pluginId=grafana-pyroscope-app version=
grafana-ages      | logger=installer.fs t=2025-06-24T03:09:35.464642408Z level=info msg="Downloaded and extracted grafana-pyroscope-app v1.4.1 zip successfully to /var/lib/grafana/plugins/grafana-pyroscope-app"
